id,name,team_id,team_name,position,price,ownership,status,chance,minutes,total_points,form,ppg,ep_next,ep_this,goals,assists,clean_sheets,bonus,bps,ict,creativity,threat,influence,starts,news,fixture_next3,fixture_next6,expected_minutes,expected_gw_points,value,captain_score,differential_score,transfer_score,recommendation
426,B.Fernandes,16,Man Utd,MID,12.0,48.9,a,100.0,3065.0,235.0,0.0,6.7,4.0,0.0,9.0,24.0,7.0,41.0,1008.0,381.4,1938.5,614.0,1258.0,35.0,,0.6666666666666666,0.5416666666666666,72.3,4.029,0.33575,51.32895833333333,24.74701333333333,4.5220996187499996,BUY
411,Haaland,15,Man City,FWD,15.5,70.7,a,100.0,2953.0,239.0,0.0,6.8,4.0,0.0,27.0,8.0,13.0,43.0,952.0,302.3,320.1,1520.0,1180.4,34.0,,0.5833333333333334,0.5,72.0,4.181,0.269741935483871,52.67041666666667,25.498705161290324,4.501909435483871,BUY
4,Gabriel,1,Arsenal,DEF,8.0,28.7,a,100.0,2750.0,209.0,0.0,6.5,4.0,0.0,3.0,5.0,18.0,30.0,724.0,125.0,128.5,298.0,824.0,30.0,,0.4166666666666667,0.5,73.2,3.536,0.442,45.71825,22.085856000000003,4.03269,BUY
397,Semenyo,15,Man City,MID,8.5,26.5,a,100.0,3200.0,202.0,0.0,5.5,2.9,0.0,17.0,6.0,12.0,18.0,678.0,257.7,607.4,1047.0,923.2,37.0,,0.5833333333333334,0.5,69.0,3.125,0.36764705882352944,42.043749999999996,19.083333333333336,3.6306069852941176,BUY
12,Saka,1,Arsenal,MID,9.5,9.7,a,100.0,2218.0,157.0,0.0,5.1,3.2,0.0,7.0,10.0,12.0,18.0,570.0,230.6,847.6,828.0,627.0,25.0,,0.4166666666666667,0.5,70.7,3.14,0.3305263157894737,41.96069444444445,19.89596159844055,3.584430188596492,BUY
399,Cherki,15,Man City,MID,7.5,8.0,a,100.0,1772.0,135.0,0.0,4.1,2.6,0.0,4.0,13.0,8.0,16.0,580.0,218.1,996.6,579.0,604.2,19.0,,0.5833333333333334,0.5,69.6,2.939,0.3918666666666667,40.19708333333333,18.841901955555556,3.5839449400000003,BUY
387,O'Reilly,15,Man City,DEF,6.5,21.6,a,100.0,2643.0,160.0,0.0,4.7,3.1,0.0,5.0,4.0,14.0,10.0,567.0,164.1,413.9,573.0,653.8,29.0,,0.5833333333333334,0.5,70.9,2.889,0.4444615384615384,39.72597222222222,17.997877384615382,3.5462557557692307,BUY
428,Cunha,16,Man Utd,MID,8.0,11.3,a,100.0,2493.0,143.0,0.0,4.3,2.8,0.0,10.0,4.0,8.0,14.0,591.0,202.5,545.4,801.0,675.8,29.0,,0.6666666666666666,0.5416666666666666,68.6,2.857,0.357125,39.526736111111106,17.955785629629627,3.5078621354166666,BUY
388,Guéhi,15,Man City,DEF,6.0,20.3,a,100.0,3150.0,179.0,0.0,5.1,2.8,0.0,3.0,5.0,14.0,14.0,688.0,160.9,304.6,402.0,901.6,35.0,,0.5833333333333334,0.5,70.1,2.817,0.46950000000000003,38.988194444444446,17.546988666666667,3.4949080375000006,BUY
400,Doku,15,Man City,MID,7.5,6.4,a,100.0,1773.0,120.0,0.0,4.0,2.6,0.0,5.0,8.0,8.0,15.0,526.0,202.5,841.6,645.0,540.2,19.0,,0.5833333333333334,0.5,69.6,2.833,0.37773333333333337,39.13708333333333,18.31091191111111,3.49089418,BUY
480,Gibbs-White,18,Nott'm Forest,MID,8.0,11.9,a,100.0,3101.0,188.0,0.0,5.1,2.8,0.0,15.0,4.0,10.0,18.0,712.0,242.5,747.7,836.0,843.8,35.0,,0.5,0.5,69.6,2.957,0.369625,40.24166666666667,18.612310444444443,3.4887767708333333,BUY
415,Dorgu,16,Man Utd,MID,6.0,1.6,a,100.0,1440.0,95.0,0.0,3.7,2.1,0.0,4.0,4.0,4.0,11.0,321.0,120.3,394.2,341.0,469.0,15.0,,0.6666666666666666,0.5416666666666666,69.0,2.624,0.43733333333333335,37.205625,17.496248888888893,3.4725105000000003,BUY
439,Šeško,16,Man Utd,FWD,7.0,1.7,d,75.0,1630.0,111.0,0.0,3.7,1.7,0.0,11.0,2.0,2.0,19.0,405.0,143.4,156.1,803.0,483.8,17.0,Shin injury - 75% chance of playing,0.6666666666666666,0.5416666666666666,69.0,2.682,0.3831428571428571,37.785624999999996,17.73224126984127,3.465303619047619,BUY
356,Virgil,14,Liverpool,DEF,6.5,17.9,a,100.0,3420.0,175.0,0.0,4.6,3.1,0.0,6.0,1.0,10.0,10.0,593.0,187.6,215.9,490.0,1169.4,38.0,,0.5833333333333334,0.5416666666666666,70.9,2.79,0.42923076923076925,38.77243055555555,17.388753618233615,3.461927365384616,BUY
427,Mbeumo,16,Man Utd,MID,8.0,30.6,a,100.0,2611.0,148.0,0.0,4.5,2.8,0.0,11.0,3.0,8.0,16.0,528.0,231.4,803.1,882.0,628.8,31.0,,0.6666666666666666,0.5416666666666666,67.9,2.868,0.3585,39.621180555555554,17.457516,3.4551515625,BUY
106,Thiago,4,Brentford,FWD,8.0,17.6,a,100.0,3282.0,181.0,0.0,4.8,2.5,0.0,22.0,1.0,10.0,22.0,710.0,256.9,382.5,1170.0,1019.4,37.0,,0.5833333333333334,0.4583333333333333,68.9,2.917,0.364625,39.925069444444446,17.87349640740741,3.4360447135416665,BUY
498,Senesi,19,Spurs,DEF,6.0,9.6,a,100.0,3288.0,175.0,0.0,4.7,2.8,0.0,0.0,6.0,11.0,14.0,571.0,168.6,367.8,201.0,1114.4,37.0,,0.5833333333333334,0.5,69.7,2.695,0.44916666666666666,37.75930555555556,17.391160370370372,3.4248948125,BUY
527,Richarlison,19,Spurs,FWD,6.0,2.5,a,100.0,1954.0,119.0,0.0,3.7,2.0,0.0,11.0,4.0,7.0,17.0,505.0,165.2,239.6,815.0,602.6,20.0,,0.5833333333333334,0.5,69.0,2.655,0.44249999999999995,37.34374999999999,17.620311111111114,3.4236360416666662,BUY
398,Foden,15,Man City,MID,7.0,4.9,a,100.0,2078.0,131.0,0.0,4.0,2.5,0.0,7.0,5.0,11.0,13.0,563.0,201.9,918.8,520.0,583.2,23.0,,0.5833333333333334,0.5,69.4,2.729,0.38985714285714285,38.092638888888885,17.814487407407405,3.4221019857142863,BUY
452,Bruno G.,1,Arsenal,MID,7.0,9.0,a,100.0,2456.0,154.0,0.0,5.3,2.5,0.0,9.0,7.0,6.0,22.0,681.0,202.9,756.7,488.0,782.4,27.0,,0.4166666666666667,0.5,69.4,2.874,0.4105714285714286,39.27180555555556,18.39794666666667,3.4197740571428574,BUY
481,Anderson,15,Man City,MID,6.5,9.6,a,100.0,3332.0,180.0,0.0,4.7,2.3,0.0,4.0,5.0,10.0,16.0,795.0,219.0,961.5,310.0,915.2,37.0,,0.5833333333333334,0.5,69.0,2.707,0.41646153846153844,37.863749999999996,17.343103589743592,3.388094788461538,BUY
95,O.Dango,4,Brentford,MID,6.5,1.4,a,100.0,2271.0,136.0,0.0,4.2,2.3,0.0,7.0,8.0,6.0,16.0,429.0,162.8,422.8,702.0,509.8,25.0,,0.5833333333333334,0.4583333333333333,69.0,2.656,0.40861538461538466,37.31729166666667,17.647871452991456,3.382152217948718,BUY
55,Watkins,2,Aston Villa,FWD,8.0,12.4,a,100.0,2833.0,167.0,0.0,4.5,2.5,0.0,16.0,4.0,9.0,26.0,623.0,225.2,330.9,1206.0,720.2,33.0,,0.5,0.5,67.8,2.814,0.35175,38.77166666666667,17.54099822222222,3.311061979166667,BUY
368,Szoboszlai,14,Liverpool,MID,7.0,41.2,a,100.0,3232.0,160.0,0.0,4.4,2.5,0.0,6.0,7.0,9.0,21.0,780.0,260.9,1324.6,417.0,867.8,36.0,,0.5833333333333334,0.5416666666666666,69.3,2.685,0.38357142857142856,37.686875,16.543435714285717,3.294061178571429,BUY
165,João Pedro,6,Chelsea,FWD,7.5,59.8,a,100.0,2658.0,177.0,0.0,5.1,2.3,0.0,15.0,9.0,10.0,30.0,715.0,212.1,456.6,909.0,758.4,31.0,,0.4166666666666667,0.5,67.4,2.876,0.3834666666666667,39.24736111111111,17.506190696296297,3.2891615733333333,BUY
236,Dewsbury-Hall,9,Everton,MID,6.5,3.5,a,100.0,2629.0,151.0,0.0,4.9,2.3,0.0,8.0,7.0,8.0,18.0,598.0,166.0,601.1,438.0,619.4,30.0,,0.4166666666666667,0.5416666666666666,68.1,2.658,0.4089230769230769,37.119375,17.424336683760682,3.266972783333333,BUY
532,Ballard,20,Sunderland,DEF,5.0,4.7,a,100.0,2144.0,116.0,0.0,4.0,2.2,0.0,2.0,2.0,6.0,9.0,340.0,121.5,181.2,370.0,662.8,24.0,,0.6666666666666666,0.5,68.7,2.386,0.4772,34.7825,15.908275911111112,3.2669159633333336,BUY
542,E.Le Fée,20,Sunderland,MID,6.0,11.9,a,100.0,2930.0,147.0,0.0,4.1,2.1,0.0,5.0,6.0,10.0,16.0,621.0,186.9,816.4,324.0,725.8,33.0,,0.6666666666666666,0.5,68.5,2.519,0.41983333333333334,36.10805555555555,16.02811222222222,3.2635973125000004,BUY
13,Rice,1,Arsenal,MID,7.5,20.0,a,100.0,3093.0,184.0,0.0,5.1,2.6,0.0,4.0,9.0,18.0,23.0,790.0,215.4,1027.4,298.0,827.2,35.0,,0.4166666666666667,0.5,69.0,2.814,0.37520000000000003,38.66291666666667,17.264202666666666,3.2576031,BUY
533,Mukiele,20,Sunderland,DEF,5.5,2.8,d,75.0,2784.0,151.0,0.0,4.7,1.9,0.0,3.0,5.0,9.0,11.0,489.0,132.9,353.1,242.0,733.6,32.0,Knock - 75% chance of playing,0.6666666666666666,0.5,67.8,2.422,0.4403636363636364,35.1225,16.125208404040407,3.2572825303030304,BUY
238,Grealish,15,Man City,MID,6.5,0.1,a,100.0,1627.0,79.0,0.0,4.0,2.3,0.0,2.0,6.0,7.0,12.0,356.0,129.2,520.5,397.0,374.2,18.0,,0.5833333333333334,0.5,69.0,2.495,0.38384615384615384,35.74375,16.75235213675214,3.24512657051282,BUY
260,Wilson,13,Leeds,MID,6.5,7.3,a,100.0,2674.0,168.0,0.0,4.7,2.3,0.0,10.0,9.0,9.0,21.0,637.0,196.9,661.1,601.0,707.2,32.0,,0.5,0.4583333333333333,66.5,2.64,0.4061538461538462,36.96631944444445,16.893737037037038,3.218251217948718,BUY
229,Tarkowski,9,Everton,DEF,6.0,9.5,a,100.0,3330.0,170.0,0.0,4.6,2.8,0.0,2.0,3.0,11.0,12.0,592.0,165.7,235.6,422.0,995.6,37.0,,0.4166666666666667,0.5416666666666666,70.1,2.581,0.43016666666666664,36.393819444444446,16.722638592592592,3.2147624875000003,BUY
335,Stach,13,Leeds,MID,6.0,1.1,a,100.0,2369.0,137.0,0.0,4.7,2.1,0.0,5.0,6.0,7.0,14.0,550.0,188.8,921.4,315.0,650.0,28.0,,0.5,0.4583333333333333,66.9,2.547,0.42450000000000004,36.04520833333333,16.881382444444444,3.2117595458333335,BUY
366,Wirtz,14,Liverpool,MID,7.5,14.7,a,100.0,2374.0,125.0,0.0,3.8,2.6,0.0,5.0,4.0,10.0,17.0,521.0,210.0,908.2,665.0,526.4,27.0,,0.5833333333333334,0.5416666666666666,68.8,2.611,0.34813333333333335,36.935763888888886,16.25215931851852,3.21017818,BUY
390,Rúben,15,Man City,DEF,5.5,1.6,a,100.0,2139.0,113.0,0.0,4.3,2.5,0.0,2.0,0.0,12.0,4.0,453.0,81.0,152.2,96.0,560.8,24.0,,0.5833333333333334,0.5,69.0,2.401,0.4365454545454545,33.183749999999996,16.18060686868687,3.2082563257575756,BUY
371,Gravenberch,14,Liverpool,MID,6.0,1.9,a,100.0,2991.0,144.0,0.0,4.0,2.1,0.0,5.0,5.0,9.0,17.0,671.0,140.1,497.2,220.0,687.0,34.0,,0.5833333333333334,0.5416666666666666,68.2,2.436,0.40599999999999997,35.17243055555556,16.24486162962963,3.2056101000000004,BUY
465,Osula,17,Newcastle,FWD,6.0,1.1,a,100.0,805.0,76.0,0.0,3.2,2.0,0.0,7.0,1.0,2.0,13.0,284.0,62.2,82.6,284.0,256.6,8.0,,0.4166666666666667,0.5416666666666666,69.0,2.529,0.4215,35.040575,16.94544888888889,3.204644458333333,BUY
154,Palmer,6,Chelsea,MID,9.5,10.6,a,100.0,1954.0,114.0,0.0,4.4,3.2,0.0,10.0,2.0,3.0,11.0,430.0,147.7,393.6,547.0,536.6,24.0,,0.4166666666666667,0.5,67.9,2.795,0.2942105263157895,38.44847222222223,17.46976910331384,3.193535177631579,BUY
389,Matheus N.,15,Man City,DEF,6.0,3.2,d,75.0,2861.0,154.0,0.0,4.5,2.1,0.0,1.0,8.0,12.0,16.0,676.0,137.6,545.0,131.0,696.0,32.0,Knock - 75% chance of playing,0.5833333333333334,0.5,68.8,2.433,0.40549999999999997,34.54930555555555,16.17613437037037,3.18801145,BUY
440,Zirkzee,16,Man Utd,FWD,5.5,0.7,a,100.0,607.0,42.0,0.0,1.8,1.8,0.0,2.0,1.0,2.0,6.0,146.0,58.3,177.7,245.0,164.4,5.0,,0.6666666666666666,0.5416666666666666,69.0,2.302,0.41854545454545455,33.985625,15.632526868686872,3.1861050757575757,BUY
544,Xhaka,20,Sunderland,MID,5.5,4.7,a,100.0,2901.0,124.0,0.0,3.6,2.0,0.0,1.0,6.0,9.0,8.0,603.0,138.1,595.3,101.0,685.0,32.0,,0.6666666666666666,0.5,69.0,2.324,0.4225454545454545,32.69916666666666,15.467211313131314,3.163431742424242,BUY
367,Gakpo,14,Liverpool,MID,7.0,3.6,a,100.0,2736.0,131.0,0.0,3.6,2.5,0.0,7.0,5.0,10.0,5.0,449.0,208.4,714.7,831.0,540.4,32.0,,0.5833333333333334,0.5416666666666666,67.6,2.462,0.35171428571428576,35.41909722222223,16.123744126984125,3.148733828571429,BUY
553,Isidor,20,Sunderland,FWD,5.5,1.1,a,100.0,1148.0,74.0,0.0,2.3,1.8,0.0,6.0,1.0,4.0,7.0,266.0,71.5,30.4,444.0,242.0,11.0,,0.6666666666666666,0.5,69.0,2.279,0.4143636363636363,32.283966666666664,15.459174949494948,3.143599356060606,WATCH
401,Marmoush,15,Man City,FWD,7.0,0.8,a,100.0,691.0,56.0,0.0,2.7,2.2,0.0,3.0,3.0,4.0,5.0,182.0,64.4,159.8,284.0,203.2,8.0,,0.5833333333333334,0.5,67.6,2.449,0.3498571428571428,35.25263888888888,16.254415767195766,3.1410505142857135,WATCH
369,Ngumoha,14,Liverpool,MID,6.0,1.2,a,100.0,547.0,43.0,0.0,2.3,2.1,0.0,2.0,1.0,2.0,4.0,188.0,60.1,222.8,203.0,176.0,5.0,,0.5833333333333334,0.5416666666666666,69.0,2.353,0.3921666666666667,34.36020833333333,15.847475555555558,3.1404132916666665,BUY
155,Enzo,6,Chelsea,MID,7.0,5.3,a,100.0,3114.0,157.0,0.0,4.4,2.5,0.0,10.0,5.0,8.0,19.0,700.0,264.6,1063.2,747.0,835.6,35.0,,0.4166666666666667,0.5,69.0,2.569,0.367,36.212916666666665,16.76502222222222,3.1355728333333337,BUY
199,Benitez,8,Crystal Palace,GK,4.5,0.1,a,100.0,90.0,7.0,0.0,7.0,1.9,0.0,0.0,0.0,1.0,0.0,29.0,2.3,0.0,0.0,22.8,1.0,,0.4166666666666667,0.5,69.0,2.338,0.5195555555555555,26.13141666666667,16.07318518518519,3.1349662222222223,BUY
1,Raya,1,Arsenal,GK,6.0,34.1,a,100.0,3330.0,162.0,0.0,4.4,4.0,0.0,0.0,0.0,19.0,11.0,633.0,57.5,33.5,0.0,541.6,37.0,,0.4166666666666667,0.5,73.2,2.527,0.4211666666666667,29.98825,15.97850177777778,3.1327123666666674,BUY
346,Calvert-Lewin,13,Leeds,FWD,6.0,27.2,a,100.0,2721.0,142.0,0.0,4.1,2.0,0.0,14.0,2.0,8.0,20.0,472.0,194.7,311.1,1026.0,619.6,30.0,,0.5,0.4583333333333333,69.0,2.537,0.42283333333333334,35.99187499999999,15.718124444444443,3.113622958333333,WATCH
112,Van Hecke,19,Spurs,DEF,5.0,8.9,a,100.0,3210.0,148.0,0.0,4.1,2.2,0.0,3.0,3.0,10.0,8.0,575.0,152.0,240.4,295.0,980.6,36.0,,0.5833333333333334,0.5,68.7,2.321,0.46420000000000006,33.99708333333333,15.185367244444445,3.1090345133333335,BUY
391,Gvardiol,15,Man City,DEF,5.5,12.0,a,100.0,1370.0,79.0,0.0,4.4,2.5,0.0,2.0,2.0,6.0,5.0,303.0,69.8,109.5,218.0,369.0,16.0,,0.5833333333333334,0.5,67.7,2.401,0.4365454545454545,34.28886111111111,15.296724787878787,3.1079528068181816,BUY
84,Collins,4,Brentford,DEF,5.5,2.0,a,100.0,2971.0,129.0,0.0,3.7,2.5,0.0,1.0,2.0,9.0,7.0,450.0,131.9,143.8,325.0,848.6,32.0,,0.5833333333333334,0.4583333333333333,69.4,2.312,0.42036363636363633,33.81178055555555,15.627116390572391,3.104204409090909,BUY
40,Rogers,6,Chelsea,MID,7.5,26.6,a,100.0,3280.0,169.0,0.0,4.6,2.6,0.0,10.0,8.0,9.0,17.0,605.0,232.0,706.2,871.0,746.2,37.0,,0.4166666666666667,0.5,69.1,2.649,0.3532,37.01513888888889,16.259875955555557,3.096397215,BUY
384,Donnarumma,15,Man City,GK,5.5,9.8,a,100.0,3060.0,135.0,0.0,4.0,3.3,0.0,0.0,0.0,15.0,5.0,567.0,68.0,10.3,2.0,666.6,34.0,,0.5833333333333334,0.5,71.4,2.311,0.42018181818181816,27.840683333333335,15.177460686868685,3.0946771287878785,BUY
208,Sarr,8,Crystal Palace,MID,6.5,6.4,a,100.0,2173.0,117.0,0.0,4.2,2.3,0.0,9.0,2.0,9.0,9.0,359.0,135.1,269.4,601.0,479.8,24.0,,0.4166666666666667,0.5,69.0,2.499,0.38446153846153847,35.51291666666667,16.301041367521368,3.0858234551282053,BUY
492,Awoniyi,18,Nott'm Forest,FWD,5.5,0.5,a,100.0,480.0,43.0,0.0,2.5,1.8,0.0,4.0,2.0,1.0,4.0,170.0,48.4,79.0,235.0,177.2,3.0,,0.5,0.5,69.0,2.327,0.4230909090909091,33.07633333333333,15.80321373737374,3.0815189015151514,WATCH
549,Talbi,20,Sunderland,MID,5.5,0.2,a,100.0,1553.0,83.0,0.0,3.0,2.0,0.0,4.0,2.0,7.0,6.0,248.0,69.1,211.5,245.0,238.8,16.0,,0.6666666666666666,0.5,69.0,2.203,0.40054545454545454,32.95916666666666,15.054224646464647,3.0714704924242424,BUY
525,Fernandes,19,Spurs,MID,6.0,2.4,a,100.0,3017.0,135.0,0.0,3.8,2.1,0.0,3.0,4.0,8.0,7.0,659.0,146.3,622.8,183.0,657.2,35.0,,0.5833333333333334,0.5,67.5,2.333,0.38883333333333336,34.09041666666667,15.517950000000003,3.069426145833334,WATCH
200,Lacroix,6,Chelsea,DEF,6.0,10.6,a,100.0,3085.0,154.0,0.0,4.4,2.8,0.0,1.0,2.0,11.0,11.0,529.0,124.3,106.4,316.0,822.0,35.0,,0.4166666666666667,0.5,69.4,2.472,0.412,34.72860555555555,15.905650962962968,3.0667234,BUY
336,Okafor,13,Leeds,MID,6.0,0.6,a,100.0,1553.0,109.0,0.0,3.9,2.1,0.0,8.0,3.0,6.0,11.0,354.0,115.0,275.0,435.0,438.8,19.0,,0.5,0.4583333333333333,65.8,2.416,0.4026666666666667,34.710763888888884,16.02770725925926,3.0639889,WATCH
417,Dalot,16,Man Utd,DEF,5.0,3.0,a,100.0,2609.0,111.0,0.0,3.3,2.2,0.0,1.0,6.0,7.0,9.0,414.0,119.6,458.5,202.0,535.8,29.0,,0.6666666666666666,0.5416666666666666,69.0,2.159,0.43179999999999996,32.555625,14.640037333333332,3.0610073999999994,BUY
96,Damsgaard,4,Brentford,MID,5.5,0.6,a,100.0,2046.0,113.0,0.0,3.4,2.0,0.0,4.0,4.0,5.0,9.0,467.0,155.0,691.3,326.0,530.6,24.0,,0.5833333333333334,0.4583333333333333,67.2,2.296,0.4174545454545454,33.67729166666666,15.46507296969697,3.060042636363636,WATCH
418,Maguire,16,Man Utd,DEF,5.0,12.4,a,100.0,1649.0,90.0,0.0,3.9,2.2,0.0,1.0,2.0,7.0,5.0,315.0,63.0,62.5,184.0,381.6,19.0,,0.6666666666666666,0.5416666666666666,67.8,2.239,0.4478,32.278958333333335,14.345411022222223,3.0547699466666667,BUY
86,Lewis-Potter,4,Brentford,MID,5.5,0.5,a,100.0,1960.0,115.0,0.0,3.2,2.0,0.0,3.0,4.0,9.0,5.0,356.0,106.4,332.2,353.0,378.2,22.0,,0.5833333333333334,0.4583333333333333,68.6,2.266,0.412,33.40840277777777,15.393366518518517,3.0539111666666665,WATCH
142,James,6,Chelsea,DEF,5.5,8.9,a,100.0,1957.0,115.0,0.0,4.0,2.5,0.0,2.0,6.0,8.0,11.0,493.0,106.1,483.7,116.0,459.0,20.0,,0.4166666666666667,0.5,69.4,2.409,0.43799999999999994,33.60180555555555,15.70957837037037,3.05256575,BUY
531,Ellborg,20,Sunderland,GK,4.5,0.1,a,100.0,270.0,16.0,0.0,5.3,1.9,0.0,0.0,0.0,1.0,3.0,62.0,7.4,0.0,0.0,73.6,3.0,,0.6666666666666666,0.5,69.0,2.096,0.4657777777777778,24.347166666666666,14.54948148148148,3.048379944444444,BUY
347,Nmecha,13,Leeds,FWD,5.5,0.6,a,100.0,1065.0,73.0,0.0,2.4,1.8,0.0,6.0,1.0,3.0,8.0,268.0,87.8,153.5,434.0,290.4,10.0,,0.5,0.4583333333333333,69.0,2.3,0.41818181818181815,33.621874999999996,15.627636363636366,3.037101136363636,WATCH
514,Tel,19,Spurs,MID,6.0,0.6,a,100.0,1334.0,78.0,0.0,2.5,2.1,0.0,4.0,2.0,3.0,7.0,266.0,107.6,457.2,312.0,303.4,13.0,,0.5833333333333334,0.5,69.0,2.262,0.377,33.41375,15.329013333333334,3.03624275,WATCH
124,Groß,5,Brighton,MID,5.5,12.1,a,100.0,1636.0,78.0,0.0,4.1,2.0,0.0,1.0,6.0,6.0,10.0,389.0,128.5,668.2,220.0,397.2,18.0,,0.5,0.5,69.0,2.364,0.4298181818181818,34.29833333333333,15.157021414141417,3.0333855303030304,WATCH
529,Roefs,20,Sunderland,GK,5.0,4.8,a,100.0,3150.0,136.0,0.0,3.9,2.6,0.0,0.0,0.0,10.0,12.0,573.0,93.1,50.0,0.0,881.6,35.0,,0.6666666666666666,0.5,69.6,2.15,0.43,26.7425,14.490226666666665,3.032546,BUY
201,Muñoz,8,Crystal Palace,DEF,5.5,11.0,a,100.0,2400.0,136.0,0.0,4.7,2.5,0.0,4.0,4.0,10.0,9.0,469.0,139.5,396.6,404.0,595.0,29.0,,0.4166666666666667,0.5,66.6,2.45,0.4454545454545455,34.96958333333333,15.58972121212121,3.0314326515151517,BUY
404,Reijnders,15,Man City,MID,6.0,0.3,a,100.0,1623.0,92.0,0.0,3.3,2.1,0.0,5.0,3.0,7.0,6.0,337.0,111.2,347.8,435.0,340.0,19.0,,0.5833333333333334,0.5,67.2,2.277,0.3795,33.52375,15.30833733333334,3.02309845,WATCH
248,Beto,9,Everton,FWD,5.5,2.9,a,100.0,1551.0,104.0,0.0,2.8,1.8,0.0,9.0,1.0,5.0,15.0,343.0,124.5,159.8,655.0,445.8,17.0,,0.4166666666666667,0.5416666666666666,69.0,2.306,0.4192727272727273,33.619375,15.49119676767677,2.999321287878788,WATCH
94,Schade,4,Brentford,MID,6.0,3.1,a,100.0,2744.0,125.0,0.0,3.6,2.1,0.0,8.0,5.0,11.0,5.0,385.0,172.8,380.1,821.0,536.8,32.0,,0.5833333333333334,0.4583333333333333,67.4,2.285,0.38083333333333336,33.571736111111115,15.162758518518519,2.998392625,WATCH
350,A.Becker,14,Liverpool,GK,5.5,3.9,a,100.0,2340.0,91.0,0.0,3.5,3.3,0.0,0.0,0.0,8.0,8.0,389.0,47.8,0.1,0.0,479.8,26.0,,0.5833333333333334,0.5416666666666666,71.4,2.155,0.3918181818181818,26.134741666666663,14.64626909090909,2.9911417045454542,BUY
327,Bijol,13,Leeds,DEF,5.0,0.3,a,100.0,1888.0,99.0,0.0,4.0,2.2,0.0,1.0,3.0,5.0,6.0,323.0,86.0,84.5,243.0,531.8,21.0,,0.5,0.4583333333333333,69.0,2.208,0.44160000000000005,31.915875000000007,15.150581333333339,2.9852187999999997,BUY
543,Diarra,20,Sunderland,MID,5.5,0.1,a,100.0,1403.0,65.0,0.0,3.2,2.0,0.0,2.0,6.0,5.0,3.0,209.0,53.9,153.8,234.0,166.2,15.0,,0.6666666666666666,0.5,69.0,2.118,0.3850909090909091,32.10916666666667,14.532822626262627,2.9840384848484844,WATCH
223,Mateta,8,Crystal Palace,FWD,6.5,6.1,a,100.0,2210.0,114.0,0.0,3.6,2.1,0.0,12.0,0.0,8.0,13.0,397.0,150.8,160.6,786.0,567.2,25.0,,0.4166666666666667,0.5,68.4,2.405,0.37,34.559583333333336,15.697206666666666,2.983219666666667,WATCH
136,Welbeck,6,Chelsea,FWD,6.0,2.2,a,100.0,2249.0,126.0,0.0,3.4,2.0,0.0,13.0,1.0,10.0,18.0,511.0,168.2,309.7,803.0,578.8,26.0,,0.4166666666666667,0.5,67.7,2.353,0.3921666666666667,34.02402777777778,15.671412666666667,2.979147904166667,WATCH
46,Barkley,2,Aston Villa,MID,5.0,0.2,a,100.0,844.0,56.0,0.0,2.7,1.5,0.0,3.0,2.0,1.0,5.0,221.0,58.1,162.3,191.0,227.8,7.0,,0.5,0.5,69.0,2.179,0.43579999999999997,32.44833333333333,14.97671288888889,2.971000233333333,WATCH
552,Brobbey,20,Sunderland,FWD,6.0,15.4,a,100.0,1920.0,92.0,0.0,3.0,2.0,0.0,7.0,2.0,6.0,12.0,309.0,106.7,200.5,552.0,333.4,22.0,,0.6666666666666666,0.5,67.9,2.265,0.3775,33.554722222222225,14.152650740740743,2.9687433125,WATCH
432,Mainoo,16,Man Utd,MID,5.5,1.1,a,100.0,1653.0,73.0,0.0,2.6,2.0,0.0,1.0,2.0,6.0,2.0,340.0,82.1,360.1,94.0,365.0,16.0,,0.6666666666666666,0.5416666666666666,69.0,2.091,0.38018181818181823,30.195625000000007,14.289245252525257,2.96423321969697,WATCH
25,Gyökeres,1,Arsenal,FWD,7.5,11.0,a,100.0,2217.0,128.0,0.0,3.6,2.3,0.0,14.0,1.0,12.0,16.0,474.0,157.5,271.7,772.0,539.6,26.0,,0.4166666666666667,0.5,67.2,2.491,0.33213333333333334,35.392916666666665,15.671937866666667,2.960778686666667,WATCH
379,Isak,14,Liverpool,FWD,9.0,15.3,a,100.0,694.0,41.0,0.0,2.9,2.7,0.0,3.0,1.0,1.0,4.0,140.0,36.9,39.2,191.0,146.4,8.0,,0.5833333333333334,0.5416666666666666,68.6,2.417,0.26855555555555555,33.661719444444444,14.9058827654321,2.9558200777777777,WATCH
431,Amad,16,Man Utd,MID,6.0,1.6,a,100.0,2339.0,91.0,0.0,2.8,2.1,0.0,2.0,5.0,6.0,7.0,463.0,163.5,596.1,600.0,436.6,27.0,,0.6666666666666666,0.5416666666666666,67.7,2.138,0.35633333333333334,32.31673611111111,14.392901185185186,2.9543069250000005,WATCH
453,Barnes,17,Newcastle,MID,6.0,1.2,a,100.0,1951.0,106.0,0.0,2.9,2.1,0.0,7.0,1.0,5.0,9.0,349.0,147.0,387.5,682.0,404.0,19.0,,0.4166666666666667,0.5416666666666666,69.0,2.284,0.38066666666666665,33.399375,15.419982222222222,2.9535596666666666,WATCH
231,Keane,9,Everton,DEF,5.0,1.7,a,100.0,2588.0,131.0,0.0,4.0,2.2,0.0,3.0,1.0,7.0,8.0,404.0,111.7,47.4,299.0,770.4,29.0,,0.4166666666666667,0.5416666666666666,68.7,2.214,0.44279999999999997,31.461508333333335,15.060159644444443,2.9493124533333335,BUY
129,Ayari,5,Brighton,MID,5.5,0.8,a,100.0,1921.0,98.0,0.0,3.4,2.0,0.0,3.0,4.0,6.0,7.0,406.0,84.5,251.3,231.0,359.8,20.0,,0.5,0.5,69.0,2.199,0.3998181818181818,32.64833333333333,14.98399919191919,2.9464959469696974,WATCH
357,Frimpong,14,Liverpool,DEF,5.5,3.2,a,100.0,1032.0,63.0,0.0,3.0,2.5,0.0,0.0,5.0,5.0,1.0,237.0,56.5,244.6,186.0,133.2,12.0,,0.5833333333333334,0.5416666666666666,67.8,2.162,0.3930909090909091,32.423541666666665,14.486693656565656,2.9441794242424244,BUY
156,Neto,6,Chelsea,MID,6.5,1.3,a,100.0,2629.0,125.0,0.0,3.7,2.3,0.0,5.0,7.0,11.0,9.0,543.0,186.7,836.2,505.0,523.0,30.0,,0.4166666666666667,0.5,68.1,2.327,0.358,33.77291666666667,15.555805111111109,2.935548091666667,WATCH
17,Merino,1,Arsenal,MID,6.0,0.9,a,100.0,1024.0,67.0,0.0,3.0,2.1,0.0,4.0,3.0,4.0,5.0,236.0,73.6,191.8,244.0,304.4,10.0,,0.4166666666666667,0.5,69.0,2.276,0.3793333333333333,33.282916666666665,15.393084444444444,2.9319603333333335,WATCH
535,Alderete,20,Sunderland,DEF,5.0,0.4,d,75.0,2797.0,125.0,0.0,3.8,1.6,0.0,1.0,1.0,10.0,5.0,400.0,117.0,138.1,279.0,749.0,32.0,Knock - 75% chance of playing,0.6666666666666666,0.5,68.0,2.047,0.40940000000000004,31.234144444444446,14.066516592592595,2.9299927333333335,BUY
392,Aït-Nouri,15,Man City,DEF,5.5,1.0,a,100.0,971.0,60.0,0.0,3.5,2.5,0.0,0.0,2.0,5.0,9.0,237.0,50.2,216.4,90.0,195.6,12.0,,0.5833333333333334,0.5,65.9,2.178,0.39599999999999996,30.704861111111114,14.612721925925928,2.9297610833333336,BUY
338,Ampadu,13,Leeds,MID,5.5,1.5,a,100.0,3119.0,134.0,0.0,3.8,2.0,0.0,1.0,4.0,8.0,11.0,586.0,114.7,384.8,166.0,592.2,35.0,,0.5,0.4583333333333333,68.7,2.207,0.4012727272727272,32.685208333333335,14.958863818181817,2.928994534090909,WATCH
138,Kostoulas,5,Brighton,FWD,5.5,0.2,a,100.0,351.0,35.0,0.0,1.7,1.8,0.0,2.0,1.0,1.0,3.0,140.0,52.4,126.5,255.0,143.6,2.0,,0.5,0.5,69.0,2.172,0.39490909090909093,32.096333333333334,14.86131070707071,2.9229615151515156,WATCH
370,Chiesa,14,Liverpool,MID,5.5,0.2,a,100.0,317.0,37.0,0.0,1.4,2.0,0.0,2.0,1.0,0.0,0.0,135.0,34.9,47.5,182.0,122.0,1.0,,0.5833333333333334,0.5416666666666666,69.0,2.089,0.37981818181818183,30.485708333333335,14.344799191919194,2.9106959469696974,WATCH
393,Khusanov,15,Man City,DEF,5.5,1.8,a,100.0,1427.0,67.0,0.0,3.2,2.5,0.0,0.0,0.0,6.0,3.0,293.0,43.9,112.2,26.0,299.0,15.0,,0.5833333333333334,0.5,69.4,2.105,0.38272727272727275,27.67903888888889,14.351564040404043,2.906178068181818,WATCH
126,O'Riley,5,Brighton,MID,5.5,0.1,a,100.0,202.0,16.0,0.0,2.7,2.0,0.0,1.0,0.0,1.0,2.0,48.0,19.6,67.7,63.0,65.4,2.0,,0.5,0.5,69.0,2.15,0.3909090909090909,27.867733333333334,14.731959595959594,2.9008848484848486,WATCH
499,Pedro Porro,19,Spurs,DEF,5.5,23.0,a,100.0,2793.0,117.0,0.0,3.4,2.5,0.0,1.0,3.0,9.0,8.0,502.0,177.5,881.7,202.0,690.2,32.0,,0.5833333333333334,0.5,68.3,2.231,0.40563636363636363,33.08819444444445,13.835940868686869,2.8982057159090906,WATCH
14,Eze,1,Arsenal,MID,6.5,2.5,a,100.0,1885.0,113.0,0.0,3.4,2.3,0.0,7.0,3.0,11.0,8.0,439.0,115.1,305.7,455.0,393.4,22.0,,0.4166666666666667,0.5,67.3,2.31,0.3553846153846154,33.58513888888889,15.300565698005698,2.8965137307692315,WATCH
82,Kelleher,4,Brentford,GK,5.0,5.9,a,100.0,3330.0,143.0,0.0,3.9,2.6,0.0,0.0,0.0,10.0,11.0,570.0,93.8,23.0,0.0,913.8,37.0,,0.5833333333333334,0.4583333333333333,69.6,2.098,0.4196,25.726624999999995,14.08060231111111,2.895128053333333,WATCH
123,Hinshelwood,5,Brighton,MID,6.0,0.3,a,100.0,1736.0,91.0,0.0,3.4,2.1,0.0,4.0,5.0,7.0,2.0,317.0,94.8,228.0,412.0,312.6,20.0,,0.5,0.5,67.8,2.197,0.3661666666666667,32.60166666666667,14.861033777777779,2.894354341666667,WATCH
43,Tielemans,16,Man Utd,MID,6.0,2.1,a,100.0,1857.0,68.0,0.0,2.7,2.1,0.0,0.0,4.0,4.0,3.0,417.0,113.1,513.6,184.0,432.0,21.0,,0.6666666666666666,0.5416666666666666,68.4,2.056,0.3426666666666667,31.51229166666667,13.898397333333337,2.878721866666667,WATCH
372,Mac Allister,14,Liverpool,MID,5.5,1.8,a,100.0,2654.0,108.0,0.0,2.9,2.0,0.0,2.0,5.0,7.0,9.0,490.0,139.9,562.2,365.0,475.4,31.0,,0.5833333333333334,0.5416666666666666,67.3,2.092,0.3803636363636364,31.712430555555557,14.123891232323233,2.8743150681818186,WATCH
202,Richards,8,Crystal Palace,DEF,5.0,0.8,a,100.0,2825.0,128.0,0.0,3.9,2.2,0.0,1.0,0.0,11.0,5.0,453.0,107.6,159.6,185.0,727.2,31.0,,0.4166666666666667,0.5,69.0,2.142,0.4284,31.942916666666665,14.699907555555555,2.869274533333333,WATCH
403,Savinho,15,Man City,MID,6.5,0.1,a,100.0,817.0,43.0,0.0,1.8,2.3,0.0,1.0,2.0,3.0,1.0,140.0,65.8,198.4,321.0,138.6,7.0,,0.5833333333333334,0.5,69.0,2.118,0.32584615384615384,31.973750000000003,14.425392136752137,2.86488582051282,WATCH
445,Thiaw,17,Newcastle,DEF,5.0,1.9,a,100.0,2963.0,126.0,0.0,3.6,2.2,0.0,4.0,0.0,5.0,12.0,436.0,138.9,114.3,409.0,868.0,33.0,,0.4166666666666667,0.5416666666666666,68.9,2.127,0.42539999999999994,31.398752777777776,14.515837348148144,2.8592931033333335,WATCH
484,Hutchinson,18,Nott'm Forest,MID,5.5,0.2,a,100.0,1676.0,82.0,0.0,2.6,2.0,0.0,1.0,7.0,6.0,3.0,329.0,121.6,527.1,356.0,333.6,17.0,,0.5,0.5,69.0,2.11,0.3836363636363636,31.758333333333333,14.475482828282829,2.8586435606060605,WATCH
337,Aaronson,13,Leeds,MID,5.5,0.9,a,100.0,2449.0,126.0,0.0,3.4,2.0,0.0,4.0,8.0,9.0,5.0,446.0,146.7,486.7,498.0,482.8,30.0,,0.5,0.4583333333333333,65.8,2.18,0.3963636363636364,32.35076388888889,14.625136161616163,2.8583481818181817,WATCH
237,Ndiaye,9,Everton,MID,6.0,15.6,a,100.0,2781.0,128.0,0.0,4.0,2.1,0.0,6.0,3.0,8.0,7.0,540.0,166.5,479.2,578.0,605.8,32.0,,0.4166666666666667,0.5416666666666666,67.8,2.313,0.3855,33.662708333333335,14.426290666666668,2.856512575,WATCH
226,Pickford,9,Everton,GK,5.5,8.5,a,100.0,3420.0,135.0,0.0,3.6,3.3,0.0,0.0,0.0,11.0,11.0,545.0,90.8,20.3,2.0,885.2,38.0,,0.4166666666666667,0.5416666666666666,71.4,2.17,0.39454545454545453,26.316308333333332,14.389068282828283,2.854232803030303,WATCH
491,Igor Jesus,18,Nott'm Forest,FWD,6.0,5.2,a,100.0,2293.0,114.0,0.0,3.1,2.0,0.0,6.0,6.0,9.0,13.0,407.0,136.4,240.7,726.0,420.6,28.0,,0.5,0.5,65.9,2.221,0.3701666666666667,32.79944444444445,14.503640666666668,2.8516101791666673,WATCH
482,Hudson-Odoi,18,Nott'm Forest,MID,6.0,0.2,a,100.0,1838.0,88.0,0.0,2.9,2.1,0.0,3.0,4.0,6.0,8.0,358.0,130.6,611.7,330.0,366.6,21.0,,0.5,0.5,68.0,2.138,0.35633333333333334,32.01611111111111,14.519462222222224,2.8384028333333338,WATCH
224,Nketiah,8,Crystal Palace,FWD,5.5,0.5,a,100.0,414.0,23.0,0.0,1.9,1.8,0.0,2.0,0.0,0.0,3.0,100.0,37.8,84.6,173.0,120.0,2.0,,0.4166666666666667,0.5,69.0,2.139,0.38890909090909087,31.128116666666664,14.633284040404039,2.8283152651515153,AVOID
125,Georginio,5,Brighton,FWD,5.5,1.0,a,100.0,1776.0,87.0,0.0,2.7,1.8,0.0,3.0,5.0,7.0,2.0,290.0,113.5,349.5,448.0,338.6,20.0,,0.5,0.5,68.5,2.093,0.3805454545454545,31.577222222222222,14.274175185185182,2.8271222159090907,AVOID
419,Martinez,16,Man Utd,DEF,5.0,0.7,a,100.0,1229.0,51.0,0.0,2.8,2.2,0.0,0.0,0.0,5.0,3.0,241.0,42.0,94.9,19.0,302.8,13.0,,0.6666666666666666,0.5416666666666666,69.0,1.92,0.384,25.574425,13.318631111111113,2.825753666666667,WATCH
27,G.Jesus,1,Arsenal,FWD,6.0,0.4,a,100.0,418.0,24.0,0.0,1.7,2.0,0.0,3.0,0.0,1.0,0.0,92.0,47.5,54.3,281.0,141.8,3.0,,0.4166666666666667,0.5,69.0,2.167,0.36116666666666664,31.044516666666667,14.755546666666667,2.824314208333333,AVOID
512,Kudus,19,Spurs,MID,6.5,0.1,d,75.0,1535.0,75.0,0.0,3.9,1.7,0.0,2.0,6.0,7.0,7.0,257.0,104.7,413.8,302.0,333.4,19.0,Thigh injury - 75% chance of playing,0.5833333333333334,0.5,65.5,2.133,0.32815384615384613,32.04597222222222,14.268893817663818,2.8237016249999995,WATCH
61,Truffert,3,Bournemouth,DEF,5.5,4.9,a,100.0,3378.0,165.0,0.0,4.3,2.5,0.0,1.0,6.0,11.0,19.0,607.0,162.6,574.2,194.0,857.0,38.0,,0.3333333333333333,0.3333333333333333,68.9,2.284,0.41527272727272724,33.07944444444444,15.19572645117845,2.823516356060606,WATCH
41,Buendía,2,Aston Villa,MID,6.0,1.3,a,100.0,1753.0,102.0,0.0,2.8,2.1,0.0,6.0,2.0,3.0,10.0,382.0,121.4,402.1,398.0,427.0,21.0,,0.5,0.5,66.5,2.149,0.3581666666666667,32.09277777777778,14.397398888888892,2.817476854166667,WATCH
463,Woltemade,17,Newcastle,FWD,6.0,1.7,a,100.0,1896.0,108.0,0.0,3.3,2.0,0.0,8.0,4.0,8.0,12.0,399.0,117.5,314.4,425.0,447.2,24.0,,0.4166666666666667,0.5416666666666666,64.8,2.22,0.37000000000000005,32.66604166666667,14.67716,2.816756333333333,AVOID
19,Zubimendi,1,Arsenal,MID,5.5,1.3,a,100.0,2991.0,133.0,0.0,3.5,2.0,0.0,5.0,1.0,16.0,9.0,604.0,126.2,385.1,271.0,603.2,34.0,,0.4166666666666667,0.5,68.2,2.144,0.38981818181818184,31.945138888888888,14.546684336700338,2.8148985,WATCH
469,N.Williams,18,Nott'm Forest,DEF,5.0,11.2,a,100.0,3203.0,128.0,0.0,3.5,2.2,0.0,2.0,3.0,9.0,15.0,531.0,175.6,572.3,380.0,804.0,36.0,,0.5,0.5,68.6,2.111,0.4222,31.759444444444448,13.693291437037038,2.8108484733333334,WATCH
130,Wieffer,5,Brighton,DEF,5.0,0.3,a,100.0,1901.0,94.0,0.0,3.6,2.2,0.0,2.0,4.0,6.0,6.0,398.0,97.7,291.1,209.0,477.0,23.0,,0.5,0.5,66.2,2.07,0.414,31.29611111111111,14.091153777777777,2.8104780999999996,WATCH
98,Janelt,4,Brentford,MID,5.0,0.1,a,100.0,1434.0,74.0,0.0,3.0,1.5,0.0,1.0,4.0,5.0,6.0,334.0,79.0,351.8,97.0,350.4,15.0,,0.5833333333333334,0.4583333333333333,69.0,1.982,0.3964,28.987291666666668,13.751836444444447,2.8062068666666664,WATCH
518,P.M.Sarr,19,Spurs,MID,5.0,0.4,a,100.0,1388.0,71.0,0.0,2.7,1.5,0.0,2.0,4.0,3.0,2.0,313.0,68.2,188.3,156.0,336.0,13.0,,0.5833333333333334,0.5,69.0,1.968,0.3936,30.473750000000003,13.64158577777778,2.8048464666666666,WATCH
210,Wharton,8,Crystal Palace,MID,5.5,0.6,a,100.0,2552.0,112.0,0.0,3.3,2.0,0.0,1.0,6.0,8.0,8.0,511.0,139.6,720.0,180.0,494.4,29.0,,0.4166666666666667,0.5,68.2,2.128,0.3869090909090909,31.785138888888888,14.500187797979798,2.8035720000000004,WATCH
203,Canvot,8,Crystal Palace,DEF,5.0,0.5,a,100.0,1331.0,72.0,0.0,3.6,2.2,0.0,0.0,0.0,5.0,9.0,216.0,48.1,63.8,56.0,362.4,14.0,,0.4166666666666667,0.5,69.0,2.077,0.4154,27.438516666666665,14.315934222222225,2.8028655333333337,WATCH
97,Jensen,4,Brentford,MID,5.5,0.2,a,100.0,2239.0,98.0,0.0,2.7,2.0,0.0,3.0,2.0,9.0,1.0,465.0,126.9,632.7,201.0,435.6,26.0,,0.5833333333333334,0.4583333333333333,67.5,2.038,0.3705454545454545,31.10395833333333,13.924281818181818,2.8027787878787875,WATCH
67,Rayan,3,Bournemouth,MID,6.5,3.1,a,100.0,1110.0,67.0,0.0,4.5,2.3,0.0,5.0,2.0,6.0,3.0,238.0,75.3,211.9,263.0,277.6,13.0,,0.3333333333333333,0.3333333333333333,67.2,2.339,0.3598461538461538,33.59166666666667,15.425486598290599,2.799795212820513,WATCH
20,Dowman,1,Arsenal,MID,5.5,0.1,a,100.0,152.0,16.0,0.0,2.7,2.0,0.0,1.0,1.0,1.0,0.0,51.0,16.6,55.5,65.0,45.2,1.0,,0.4166666666666667,0.5,69.0,2.108,0.38327272727272726,27.09091666666667,14.470592323232326,2.7991396212121216,WATCH
9,Hincapie,1,Arsenal,DEF,5.5,2.8,a,100.0,1787.0,87.0,0.0,3.5,2.5,0.0,1.0,2.0,5.0,7.0,335.0,70.9,184.7,72.0,453.6,20.0,,0.4166666666666667,0.5,69.1,2.114,0.38436363636363635,29.325138888888887,14.310942235690236,2.7867824318181813,WATCH
447,Botman,17,Newcastle,DEF,5.0,0.4,a,100.0,1834.0,89.0,0.0,3.6,2.2,0.0,1.0,1.0,5.0,6.0,332.0,87.4,85.8,190.0,597.0,21.0,,0.4166666666666667,0.5416666666666666,68.0,2.059,0.41180000000000005,30.356752777777785,14.141220592592598,2.7846201333333336,WATCH
459,L.Miley,17,Newcastle,MID,5.5,0.0,a,100.0,1493.0,72.0,0.0,3.1,2.0,0.0,1.0,4.0,2.0,5.0,334.0,73.0,251.4,136.0,342.6,15.0,,0.4166666666666667,0.5416666666666666,69.0,2.077,0.3776363636363636,30.909375000000004,14.28523393939394,2.7833889772727276,WATCH
526,Solanke,19,Spurs,FWD,6.0,1.7,a,100.0,997.0,40.0,0.0,2.7,2.0,0.0,3.0,0.0,0.0,4.0,187.0,62.7,84.1,339.0,205.0,11.0,,0.5833333333333334,0.5,69.0,2.018,0.3363333333333333,30.18295,13.734186666666668,2.7787214166666665,AVOID
516,Bentancur,19,Spurs,MID,5.5,0.2,a,100.0,1880.0,86.0,0.0,3.3,2.0,0.0,1.0,1.0,8.0,4.0,366.0,67.4,197.8,124.0,349.0,23.0,,0.5833333333333334,0.5,65.8,2.02,0.36727272727272725,30.14263888888889,13.697129158249156,2.7729786363636366,WATCH
68,Tavernier,3,Bournemouth,MID,6.0,1.8,a,100.0,2732.0,137.0,0.0,4.0,2.1,0.0,7.0,4.0,11.0,14.0,552.0,207.9,816.6,605.0,656.8,31.0,,0.3333333333333333,0.3333333333333333,68.3,2.254,0.37566666666666665,32.76611111111111,15.136663851851852,2.7710643083333326,WATCH
503,Van de Ven,19,Spurs,DEF,5.0,7.3,a,100.0,3041.0,116.0,0.0,3.3,2.2,0.0,4.0,1.0,9.0,10.0,431.0,99.6,95.2,218.0,683.4,35.0,,0.5833333333333334,0.5,67.8,2.002,0.4004,30.129483333333333,13.254527288888887,2.7705922066666666,WATCH
412,Lammens,16,Man Utd,GK,5.0,18.4,a,100.0,2880.0,109.0,0.0,3.4,2.6,0.0,0.0,0.0,8.0,11.0,413.0,63.7,0.0,2.0,635.6,32.0,,0.6666666666666666,0.5416666666666666,69.6,1.974,0.3948,24.478958333333335,12.3856656,2.7629843600000004,WATCH
28,Martinez,2,Aston Villa,GK,5.0,4.8,a,100.0,2835.0,120.0,0.0,3.8,2.6,0.0,0.0,1.0,7.0,11.0,530.0,79.2,23.2,0.0,769.8,32.0,,0.5,0.5,69.1,2.009,0.4018,24.728955555555554,13.572287155555555,2.7586952099999995,WATCH
45,McGinn,2,Aston Villa,MID,5.5,3.2,a,100.0,2136.0,103.0,0.0,3.4,2.0,0.0,5.0,4.0,8.0,6.0,443.0,137.3,605.3,309.0,459.8,28.0,,0.5,0.5,63.7,2.104,0.3825454545454546,31.580555555555556,13.842258208754211,2.746249636363637,WATCH
60,Hill,3,Bournemouth,DEF,5.5,1.1,a,100.0,2102.0,110.0,0.0,3.8,2.5,0.0,0.0,3.0,8.0,4.0,386.0,86.3,161.7,119.0,579.4,22.0,,0.3333333333333333,0.3333333333333333,69.4,2.17,0.39454545454545453,31.020555555555553,14.809846734006733,2.741286363636363,WATCH
15,Ødegaard,1,Arsenal,MID,6.5,5.3,a,100.0,1363.0,74.0,0.0,3.1,2.3,0.0,1.0,7.0,6.0,5.0,306.0,104.4,564.4,168.0,311.8,16.0,,0.4166666666666667,0.5,67.1,2.177,0.33492307692307693,32.25069444444444,14.262582774928775,2.7398652839743596,WATCH
534,Hume,20,Sunderland,DEF,4.5,6.0,a,100.0,3032.0,110.0,0.0,2.9,1.7,0.0,2.0,1.0,9.0,6.0,383.0,120.9,421.3,248.0,547.8,34.0,,0.6666666666666666,0.5,68.7,1.855,0.4122222222222222,29.4725,12.567787037037037,2.739744013888889,WATCH
471,Milenković,18,Nott'm Forest,DEF,5.5,2.2,a,100.0,3375.0,119.0,0.0,3.1,2.5,0.0,0.0,1.0,9.0,2.0,401.0,86.9,66.9,120.0,680.4,37.0,,0.5,0.5,69.4,2.003,0.3641818181818182,28.800022222222225,13.685288861952865,2.738833204545455,WATCH
422,Mazraoui,16,Man Utd,DEF,4.5,0.7,a,100.0,977.0,53.0,0.0,2.6,1.7,0.0,0.0,0.0,5.0,6.0,233.0,36.8,122.4,37.0,209.0,11.0,,0.6666666666666666,0.5416666666666666,68.5,1.804,0.4008888888888889,25.27331388888889,12.634586419753084,2.7368413333333335,WATCH
8,Calafiori,1,Arsenal,DEF,5.5,26.6,a,100.0,1697.0,109.0,0.0,4.2,2.5,0.0,1.0,2.0,13.0,6.0,389.0,77.9,182.3,313.0,283.0,22.0,,0.4166666666666667,0.5,64.4,2.243,0.4078181818181818,32.85069444444444,13.643511959595958,2.733581272727273,WATCH
406,Kovačić,15,Man City,MID,5.5,0.1,a,100.0,125.0,9.0,0.0,1.5,2.0,0.0,0.0,1.0,0.0,0.0,41.0,11.5,65.5,3.0,46.0,1.0,,0.5833333333333334,0.5,69.0,1.922,0.34945454545454546,23.53225,13.313108686868688,2.7225357575757574,WATCH
261,Iwobi,10,Fulham,MID,5.5,1.0,a,100.0,2420.0,103.0,0.0,3.6,2.0,0.0,4.0,3.0,5.0,13.0,508.0,159.4,739.4,343.0,511.2,29.0,,0.4166666666666667,0.4166666666666667,66.5,2.107,0.38309090909090915,31.464444444444446,14.2199431986532,2.7215163446969703,WATCH
56,Abraham,2,Aston Villa,FWD,5.5,0.2,d,75.0,278.0,23.0,0.0,1.9,1.3,0.0,2.0,0.0,0.0,2.0,93.0,27.1,49.2,136.0,87.2,2.0,Knock - 75% chance of playing,0.5,0.5,69.0,1.977,0.35945454545454547,28.443233333333335,13.6478197979798,2.7206711742424248,AVOID
249,Barry,9,Everton,FWD,5.5,1.2,a,100.0,1898.0,95.0,0.0,2.5,1.8,0.0,8.0,0.0,7.0,9.0,295.0,102.5,207.7,501.0,341.0,21.0,,0.4166666666666667,0.5416666666666666,69.0,2.025,0.36818181818181817,30.809375000000003,13.870969696969699,2.7204948863636362,AVOID
472,Murillo,18,Nott'm Forest,DEF,5.5,1.2,a,100.0,2130.0,83.0,0.0,3.3,2.5,0.0,1.0,0.0,6.0,3.0,333.0,74.0,115.5,82.0,542.2,25.0,,0.5,0.5,67.5,2.002,0.36399999999999993,28.190999999999995,13.6269,2.71619375,WATCH
230,Branthwaite,9,Everton,DEF,5.5,1.8,a,100.0,678.0,32.0,0.0,3.2,2.5,0.0,1.0,1.0,1.0,0.0,108.0,29.3,42.8,75.0,175.0,7.0,,0.4166666666666667,0.5416666666666666,69.4,2.018,0.36690909090909085,26.95536388888889,13.80909882828283,2.7148112727272724,WATCH
26,Havertz,1,Arsenal,FWD,7.5,4.3,a,100.0,577.0,36.0,0.0,3.0,2.3,0.0,2.0,3.0,4.0,3.0,143.0,49.9,134.6,210.0,152.6,7.0,,0.4166666666666667,0.5,66.1,2.195,0.29266666666666663,32.22367222222222,14.295528666666666,2.704000825,AVOID
373,C.Jones,14,Liverpool,MID,5.5,0.1,d,75.0,1923.0,81.0,0.0,2.4,1.5,0.0,1.0,3.0,3.0,6.0,447.0,104.6,412.1,227.0,407.4,18.0,Hip injury - 75% chance of playing,0.5833333333333334,0.5416666666666666,69.0,1.889,0.34345454545454546,29.720208333333336,13.107748686868689,2.7039645075757575,WATCH
10,White,1,Arsenal,DEF,5.5,2.9,a,100.0,699.0,45.0,0.0,3.8,2.5,0.0,0.0,1.0,5.0,3.0,181.0,34.3,133.4,54.0,154.8,9.0,,0.4166666666666667,0.5,64.6,2.102,0.3821818181818182,28.334438888888887,13.914956067340066,2.703892636363636,WATCH
100,Carvalho,4,Brentford,MID,5.0,0.0,a,100.0,100.0,13.0,0.0,2.2,1.5,0.0,1.0,0.0,0.0,1.0,42.0,8.1,6.5,36.0,39.0,1.0,,0.5833333333333334,0.4583333333333333,69.0,1.884,0.37679999999999997,23.244791666666668,13.146304000000002,2.7034548999999997,WATCH
446,Schär,17,Newcastle,DEF,5.0,0.2,a,100.0,1089.0,51.0,0.0,3.2,2.2,0.0,0.0,0.0,4.0,0.0,186.0,46.4,63.6,108.0,291.2,11.0,,0.4166666666666667,0.5416666666666666,69.0,1.963,0.3926,27.892575000000004,13.625416888888893,2.700370133333333,WATCH
332,Justin,13,Leeds,DEF,4.5,0.6,a,100.0,1893.0,94.0,0.0,3.2,1.7,0.0,2.0,1.0,6.0,9.0,338.0,88.3,190.9,220.0,469.8,21.0,,0.5,0.4583333333333333,69.0,1.896,0.42133333333333334,29.581875000000004,13.252444444444446,2.6968438333333333,WATCH
351,Mamardashvili,14,Liverpool,GK,5.0,0.2,a,100.0,867.0,34.0,0.0,3.4,2.6,0.0,0.0,0.0,2.0,2.0,139.0,27.5,0.0,0.0,275.6,10.0,,0.5833333333333334,0.5416666666666666,68.4,1.857,0.3714,22.749375,12.924156533333337,2.6957072533333335,WATCH
405,N.Gonzalez,15,Man City,MID,5.5,0.1,a,100.0,1561.0,63.0,0.0,2.5,2.0,0.0,1.0,0.0,7.0,1.0,337.0,61.5,234.1,72.0,309.8,17.0,,0.5833333333333334,0.5,69.0,1.887,0.3430909090909091,27.323750000000004,13.09530262626263,2.686227234848485,WATCH
467,Sels,18,Nott'm Forest,GK,5.0,1.6,a,100.0,2667.0,105.0,0.0,3.4,2.6,0.0,0.0,0.0,7.0,3.0,431.0,74.0,10.0,0.0,730.0,30.0,,0.5,0.5,69.2,1.912,0.38239999999999996,23.602777777777774,13.213524859259259,2.6815726933333335,WATCH
358,Kerkez,14,Liverpool,DEF,5.5,4.4,a,100.0,2251.0,85.0,0.0,2.5,2.5,0.0,2.0,1.0,6.0,4.0,357.0,99.4,415.8,141.0,434.6,27.0,,0.5833333333333334,0.5416666666666666,66.8,1.926,0.35018181818181815,29.771319444444444,12.872774437710435,2.6769663030303033,WATCH
204,Mitchell,8,Crystal Palace,DEF,4.5,6.7,a,100.0,3253.0,135.0,0.0,3.6,1.7,0.0,1.0,3.0,12.0,8.0,498.0,136.0,467.3,241.0,649.0,36.0,,0.4166666666666667,0.5,69.0,1.958,0.4351111111111111,30.102916666666665,13.181925925925926,2.675731777777778,WATCH
113,F.Kadıoğlu,5,Brighton,DEF,4.5,3.1,a,100.0,3130.0,118.0,0.0,3.2,1.7,0.0,1.0,2.0,10.0,7.0,514.0,123.7,444.8,284.0,505.0,34.0,,0.5,0.5,69.0,1.873,0.4162222222222222,29.388333333333335,12.918740740740743,2.669044138888889,WATCH
159,Caicedo,6,Chelsea,MID,5.5,3.9,a,100.0,2796.0,110.0,0.0,3.3,2.0,0.0,3.0,1.0,6.0,10.0,580.0,109.2,403.1,128.0,562.4,32.0,,0.4166666666666667,0.5,68.0,2.021,0.3674545454545454,30.050694444444446,13.57520464646465,2.665570227272728,WATCH
339,Longstaff,13,Leeds,MID,5.0,0.2,a,100.0,1003.0,56.0,0.0,2.4,1.5,0.0,2.0,2.0,1.0,5.0,273.0,81.2,403.7,116.0,291.8,10.0,,0.5,0.4583333333333333,69.0,1.903,0.3806,28.631875000000004,13.250056888888892,2.6638541333333334,WATCH
160,Garnacho,2,Aston Villa,MID,6.0,0.7,a,100.0,1261.0,56.0,0.0,2.3,2.1,0.0,1.0,4.0,4.0,3.0,222.0,100.5,405.3,399.0,211.4,14.0,,0.5,0.5,69.0,1.954,0.32566666666666666,30.198333333333334,13.413226666666668,2.6626100833333335,WATCH
32,Cash,2,Aston Villa,DEF,4.5,8.6,a,100.0,3016.0,117.0,0.0,3.3,1.7,0.0,3.0,3.0,8.0,7.0,450.0,137.5,510.7,221.0,643.0,34.0,,0.5,0.5,68.5,1.908,0.424,29.72722222222222,12.69237037037037,2.658341,WATCH
269,Sessegnon,10,Fulham,DEF,4.5,0.4,a,100.0,1816.0,95.0,0.0,3.5,1.7,0.0,3.0,3.0,6.0,8.0,332.0,86.7,225.0,229.0,413.8,20.0,,0.4166666666666667,0.4166666666666667,69.0,1.925,0.4277777777777778,29.700000000000003,13.45014814814815,2.6557881944444444,WATCH
232,O'Brien,9,Everton,DEF,5.0,0.5,a,100.0,3118.0,116.0,0.0,3.1,2.2,0.0,1.0,3.0,10.0,2.0,368.0,107.5,282.9,206.0,582.8,35.0,,0.4166666666666667,0.5416666666666666,68.6,1.925,0.385,29.800486111111113,13.338816296296297,2.652061166666667,WATCH
442,Pope,17,Newcastle,GK,5.0,1.3,a,100.0,2416.0,96.0,0.0,3.6,2.6,0.0,0.0,1.0,7.0,3.0,414.0,70.7,0.0,35.0,671.0,27.0,,0.4166666666666667,0.5416666666666666,69.4,1.919,0.38380000000000003,24.50826388888889,13.293055585185186,2.6516097399999996,WATCH
501,Danso,19,Spurs,DEF,5.0,0.2,a,100.0,1489.0,63.0,0.0,2.6,2.2,0.0,0.0,0.0,4.0,1.0,219.0,55.5,49.5,96.0,407.0,17.0,,0.5833333333333334,0.5,68.1,1.831,0.36619999999999997,26.257749999999998,12.743155955555556,2.6482698233333335,WATCH
88,Kayode,4,Brentford,DEF,4.5,3.5,a,100.0,3258.0,113.0,0.0,3.1,1.7,0.0,1.0,2.0,10.0,9.0,494.0,121.7,470.2,130.0,613.8,37.0,,0.5833333333333334,0.4583333333333333,68.3,1.826,0.4057777777777778,28.401736111111113,12.549382716049385,2.6474677388888885,WATCH
44,Bailey,2,Aston Villa,MID,5.5,0.1,a,100.0,450.0,21.0,0.0,1.6,2.0,0.0,0.0,2.0,0.0,0.0,69.0,30.1,160.4,69.0,71.2,3.0,,0.5,0.5,69.0,1.896,0.3447272727272727,26.967833333333335,13.1513098989899,2.637388712121212,WATCH
502,Robertson,19,Spurs,DEF,4.5,3.0,a,100.0,1165.0,55.0,0.0,2.3,1.7,0.0,1.0,0.0,4.0,4.0,216.0,68.2,318.8,121.0,239.8,11.0,,0.5833333333333334,0.5,69.0,1.789,0.39755555555555555,27.813750000000002,12.39740740740741,2.637331305555555,WATCH
448,Burn,17,Newcastle,DEF,5.0,2.5,a,100.0,2195.0,93.0,0.0,3.2,2.2,0.0,1.0,3.0,6.0,5.0,286.0,82.1,107.3,186.0,525.8,25.0,,0.4166666666666667,0.5416666666666666,68.2,1.93,0.386,29.329197222222223,13.193249185185186,2.6365284000000004,WATCH
115,De Cuyper,5,Brighton,DEF,4.5,1.5,a,100.0,1404.0,84.0,0.0,2.8,1.7,0.0,2.0,3.0,5.0,9.0,318.0,99.9,516.6,154.0,327.8,17.0,,0.5,0.5,66.1,1.867,0.41488888888888886,29.26388888888889,12.817021604938274,2.631173691666667,WATCH
374,Endo,14,Liverpool,MID,5.0,0.0,a,100.0,170.0,12.0,0.0,1.5,1.5,0.0,0.0,1.0,1.0,0.0,49.0,8.0,18.1,6.0,56.0,1.0,,0.5833333333333334,0.5416666666666666,69.0,1.78,0.356,21.512408333333337,12.49568,2.6249455,AVOID
69,Scott,3,Bournemouth,MID,6.0,1.5,a,100.0,2848.0,136.0,0.0,3.7,2.1,0.0,3.0,2.0,11.0,9.0,603.0,139.0,482.0,314.0,597.2,34.0,,0.3333333333333333,0.3333333333333333,66.6,2.133,0.3555,31.51833333333333,14.291647999999999,2.6248720249999997,AVOID
198,Henderson,8,Crystal Palace,GK,5.0,3.2,a,100.0,3330.0,131.0,0.0,3.5,2.6,0.0,0.0,0.0,11.0,7.0,538.0,84.7,10.0,0.0,837.8,37.0,,0.4166666666666667,0.5,69.6,1.918,0.3836,23.53625,13.155810311111113,2.6235728533333336,WATCH
536,Reinildo,20,Sunderland,DEF,4.5,0.5,a,100.0,1966.0,74.0,0.0,3.0,1.7,0.0,0.0,2.0,6.0,6.0,281.0,54.7,130.2,39.0,376.4,23.0,,0.6666666666666666,0.5,67.3,1.726,0.38355555555555554,24.583788888888886,12.088049382716049,2.6210456000000004,WATCH
486,McAtee,18,Nott'm Forest,MID,5.5,0.0,a,100.0,288.0,17.0,0.0,1.2,2.0,0.0,0.0,1.0,0.0,0.0,60.0,17.3,82.0,39.0,51.6,2.0,,0.5,0.5,69.0,1.879,0.3416363636363636,24.505833333333335,13.05307393939394,2.6204989772727276,AVOID
457,J.Murphy,17,Newcastle,MID,6.0,0.2,a,100.0,1606.0,82.0,0.0,2.5,2.1,0.0,3.0,2.0,8.0,5.0,314.0,106.0,393.7,346.0,330.8,19.0,,0.4166666666666667,0.5416666666666666,66.9,1.981,0.33016666666666666,30.32270833333334,13.478096222222224,2.6203091375000005,AVOID
473,Aina,18,Nott'm Forest,DEF,4.5,4.1,a,100.0,1587.0,67.0,0.0,3.7,1.7,0.0,0.0,2.0,6.0,5.0,264.0,50.5,160.3,58.0,285.2,18.0,,0.5,0.5,68.3,1.842,0.4093333333333333,26.30277777777778,12.604600000000001,2.6178600333333333,WATCH
519,Gallagher,19,Spurs,MID,5.5,0.3,a,100.0,1183.0,44.0,0.0,2.8,2.0,0.0,1.0,1.0,2.0,3.0,211.0,55.1,205.9,154.0,190.6,14.0,,0.5833333333333334,0.5,66.9,1.847,0.3358181818181818,29.217083333333335,12.699183696969696,2.6122300340909095,AVOID
520,Bergvall,19,Spurs,MID,5.5,0.2,a,100.0,955.0,49.0,0.0,2.1,2.0,0.0,1.0,3.0,3.0,0.0,163.0,41.5,106.4,147.0,164.6,11.0,,0.5833333333333334,0.5,67.8,1.833,0.3332727272727273,28.483883333333335,12.676693414141413,2.6118348560606064,AVOID
18,Martinelli,1,Arsenal,MID,6.5,0.3,a,100.0,1065.0,57.0,0.0,1.9,2.3,0.0,1.0,5.0,2.0,3.0,195.0,79.0,202.2,390.0,204.6,11.0,,0.4166666666666667,0.5,69.0,1.982,0.3049230769230769,30.342916666666667,13.570847179487181,2.609875076923077,AVOID
234,Patterson,9,Everton,DEF,4.5,0.0,a,100.0,238.0,22.0,0.0,3.1,1.7,0.0,0.0,0.0,2.0,0.0,67.0,8.8,6.4,17.0,65.6,3.0,,0.4166666666666667,0.5416666666666666,64.9,1.878,0.41733333333333333,22.35606388888889,12.919462962962962,2.5942334,WATCH
16,Madueke,1,Arsenal,MID,6.5,0.3,a,100.0,1205.0,72.0,0.0,2.8,2.3,0.0,3.0,1.0,8.0,9.0,254.0,101.3,352.8,404.0,257.4,16.0,,0.4166666666666667,0.5,63.3,2.051,0.31553846153846155,30.90625,13.60565112820513,2.5941443634615386,AVOID
137,Tzimas,5,Brighton,FWD,5.5,0.0,d,75.0,132.0,16.0,0.0,1.8,1.3,0.0,1.0,1.0,0.0,0.0,55.0,17.7,65.7,44.0,66.6,1.0,Knee injury - 75% chance of playing,0.5,0.5,69.0,1.852,0.33672727272727276,24.208233333333336,12.885052121212121,2.5924895454545456,AVOID
144,Gusto,6,Chelsea,DEF,5.0,1.1,a,100.0,2255.0,96.0,0.0,2.8,2.2,0.0,2.0,3.0,7.0,7.0,406.0,109.8,448.5,205.0,443.6,26.0,,0.4166666666666667,0.5,67.7,1.892,0.37839999999999996,29.414027777777775,13.029676118518518,2.5841074766666665,WATCH
102,Yarmoliuk,4,Brentford,MID,5.0,1.4,a,100.0,2652.0,104.0,0.0,2.8,1.5,0.0,1.0,3.0,8.0,1.0,448.0,83.4,273.0,117.0,445.0,30.0,,0.5833333333333334,0.4583333333333333,68.4,1.787,0.3574,27.623958333333327,12.397124533333333,2.5818880533333335,AVOID
114,Boscagli,5,Brighton,DEF,4.5,0.2,a,100.0,799.0,39.0,0.0,3.2,1.7,0.0,0.0,1.0,3.0,4.0,171.0,31.1,82.2,12.0,215.6,9.0,,0.5,0.5,68.5,1.778,0.39511111111111114,23.298122222222222,12.508969135802468,2.580941416666667,WATCH
79,Evanilson,3,Bournemouth,FWD,6.0,2.2,a,100.0,2741.0,115.0,0.0,3.2,2.0,0.0,6.0,7.0,11.0,6.0,412.0,155.5,397.9,809.0,350.6,32.0,,0.3333333333333333,0.3333333333333333,67.3,2.084,0.3473333333333333,31.043888888888887,13.98777125925926,2.5805128500000003,AVOID
87,Ajer,4,Brentford,DEF,4.5,2.1,a,100.0,1805.0,76.0,0.0,2.8,1.7,0.0,0.0,2.0,5.0,1.0,211.0,62.7,59.1,165.0,401.4,20.0,,0.5833333333333334,0.4583333333333333,69.0,1.741,0.3868888888888889,27.07649166666667,12.163185185185187,2.5765906388888884,WATCH
127,Gomez,5,Brighton,MID,5.0,2.8,a,100.0,2117.0,97.0,0.0,3.0,1.5,0.0,5.0,1.0,8.0,9.0,361.0,119.0,319.7,432.0,438.2,26.0,,0.5,0.5,65.7,1.868,0.37360000000000004,29.265,12.627033066666664,2.5748015066666667,AVOID
329,Rodon,13,Leeds,DEF,4.5,2.6,a,100.0,2952.0,109.0,0.0,3.1,1.7,0.0,2.0,0.0,6.0,5.0,373.0,109.1,137.3,242.0,707.2,33.0,,0.5,0.4583333333333333,68.8,1.798,0.39955555555555555,28.445030555555558,12.472056790123458,2.5733094666666667,AVOID
423,Shaw,16,Man Utd,DEF,4.5,22.6,a,100.0,3220.0,113.0,0.0,3.0,1.7,0.0,1.0,1.0,10.0,3.0,449.0,97.4,314.8,97.0,560.2,38.0,,0.6666666666666666,0.5416666666666666,67.0,1.79,0.3977777777777778,27.231180555555554,11.159876543209876,2.5713183333333336,AVOID
490,Wood,18,Nott'm Forest,FWD,6.0,1.7,a,100.0,896.0,41.0,0.0,2.7,2.0,0.0,3.0,0.0,2.0,4.0,145.0,48.0,88.4,266.0,139.0,11.0,,0.5,0.5,65.7,1.917,0.3195,29.015800000000002,12.896387333333331,2.569092720833334,AVOID
116,Dunk,5,Brighton,DEF,4.5,0.9,a,100.0,2837.0,100.0,0.0,3.0,1.7,0.0,1.0,1.0,7.0,5.0,443.0,98.7,125.5,210.0,649.6,31.0,,0.5,0.5,69.0,1.764,0.392,28.004333333333335,12.398666666666669,2.5678445,AVOID
449,Hall,17,Newcastle,DEF,5.0,3.7,a,100.0,2176.0,79.0,0.0,2.6,2.2,0.0,1.0,2.0,4.0,4.0,347.0,118.0,433.6,196.0,550.2,24.0,,0.4166666666666667,0.5416666666666666,69.0,1.857,0.3714,29.129375000000003,12.697836444444446,2.562319366666667,AVOID
328,Struijk,5,Brighton,DEF,5.0,0.3,d,75.0,2935.0,108.0,0.0,3.2,1.6,0.0,0.0,1.0,7.0,4.0,412.0,113.1,161.5,272.0,697.4,33.0,Knock - 75% chance of playing,0.5,0.5,68.6,1.798,0.35960000000000003,28.629444444444445,12.560943644444446,2.5621420200000005,AVOID
47,Kamara,2,Aston Villa,MID,5.0,0.2,a,100.0,1410.0,61.0,0.0,3.4,1.5,0.0,1.0,3.0,5.0,7.0,282.0,64.2,241.3,75.0,325.0,17.0,,0.5,0.5,66.3,1.828,0.36560000000000004,26.628333333333334,12.611698488888889,2.561086593333333,AVOID
420,Yoro,16,Man Utd,DEF,5.0,0.8,a,100.0,1730.0,56.0,0.0,1.8,2.2,0.0,0.0,1.0,2.0,1.0,191.0,53.2,83.1,124.0,327.0,18.0,,0.6666666666666666,0.5416666666666666,69.0,1.667,0.33340000000000003,26.052825000000006,11.728307555555558,2.557814533333333,AVOID
470,Morato,18,Nott'm Forest,DEF,5.0,0.1,a,100.0,1340.0,53.0,0.0,2.5,2.2,0.0,1.0,0.0,2.0,1.0,190.0,50.5,37.6,96.0,371.2,14.0,,0.5,0.5,69.0,1.787,0.3574,25.55953333333333,12.531916444444445,2.5577548666666665,AVOID
464,Wissa,17,Newcastle,FWD,6.0,1.6,a,100.0,517.0,27.0,0.0,1.4,2.0,0.0,1.0,1.0,1.0,0.0,70.0,25.5,46.7,163.0,58.0,4.0,,0.4166666666666667,0.5416666666666666,69.0,1.887,0.3145,27.762275000000002,12.930124444444447,2.544925041666667,AVOID
421,Heaven,16,Man Utd,DEF,4.5,0.4,a,100.0,920.0,42.0,0.0,2.5,1.7,0.0,0.0,1.0,2.0,3.0,164.0,29.1,32.0,26.0,233.6,11.0,,0.6666666666666666,0.5416666666666666,66.6,1.645,0.3655555555555556,21.96079166666667,11.54968888888889,2.540660805555555,AVOID
488,Sangaré,18,Nott'm Forest,MID,5.0,0.8,a,100.0,2073.0,89.0,0.0,3.2,1.5,0.0,2.0,2.0,8.0,2.0,366.0,76.8,205.9,126.0,434.4,25.0,,0.5,0.5,66.3,1.812,0.3624,27.998333333333335,12.468193955555556,2.5400363733333333,AVOID
345,Tanaka,13,Leeds,MID,5.0,0.3,a,100.0,1307.0,67.0,0.0,2.4,1.5,0.0,2.0,1.0,3.0,4.0,288.0,63.6,307.6,104.0,224.2,14.0,,0.5,0.4583333333333333,69.0,1.782,0.3564,27.061875000000004,12.485525333333333,2.5353202,AVOID
242,George,9,Everton,MID,5.5,0.3,a,100.0,351.0,16.0,0.0,1.1,2.0,0.0,0.0,0.0,1.0,0.0,55.0,23.9,66.2,132.0,44.2,1.0,,0.4166666666666667,0.5416666666666666,69.0,1.836,0.33381818181818185,26.874275000000004,12.762816969696969,2.5311413636363636,AVOID
263,Kevin,10,Fulham,MID,5.5,0.1,a,100.0,1030.0,49.0,0.0,1.9,2.0,0.0,1.0,3.0,4.0,0.0,183.0,70.4,246.6,243.0,216.0,9.0,,0.4166666666666667,0.4166666666666667,69.0,1.878,0.34145454545454546,29.23,13.039295353535353,2.5292157575757575,AVOID
256,Tete,10,Fulham,DEF,4.5,0.3,a,100.0,1791.0,81.0,0.0,3.7,1.7,0.0,1.0,0.0,6.0,5.0,318.0,73.9,214.1,108.0,416.0,21.0,,0.4166666666666667,0.4166666666666667,67.2,1.83,0.4066666666666667,27.45,12.74608888888889,2.5283486666666666,AVOID
450,Livramento,17,Newcastle,DEF,5.0,0.1,d,75.0,1326.0,59.0,0.0,3.5,1.6,0.0,0.0,1.0,6.0,3.0,252.0,46.1,199.7,42.0,219.4,14.0,Calf injury - 75% chance of playing,0.4166666666666667,0.5416666666666666,69.0,1.798,0.35960000000000003,25.299375000000005,12.600732444444448,2.526859466666667,AVOID
140,Sánchez,6,Chelsea,GK,5.0,2.2,a,100.0,3040.0,113.0,0.0,3.2,2.6,0.0,0.0,1.0,9.0,7.0,509.0,86.7,50.0,0.0,822.2,35.0,,0.4166666666666667,0.5,68.4,1.83,0.366,23.109583333333333,12.605074666666667,2.520851466666667,WATCH
455,Tonali,19,Spurs,MID,5.5,4.1,a,100.0,2534.0,81.0,0.0,2.3,2.0,0.0,0.0,2.0,7.0,2.0,477.0,113.4,534.1,198.0,398.0,31.0,,0.5833333333333334,0.5,65.8,1.799,0.3270909090909091,28.71263888888889,12.053368188552188,2.5192472954545457,AVOID
257,Bassey,10,Fulham,DEF,4.5,0.7,a,100.0,2532.0,103.0,0.0,3.4,1.7,0.0,1.0,1.0,7.0,9.0,392.0,84.5,152.2,115.0,574.0,28.0,,0.4166666666666667,0.4166666666666667,69.0,1.8,0.4,27.400000000000002,12.640444444444446,2.5186791666666664,AVOID
505,Spence,19,Spurs,DEF,4.5,4.2,a,100.0,2049.0,78.0,0.0,2.6,1.7,0.0,0.0,0.0,9.0,3.0,271.0,70.5,209.7,207.0,291.0,23.0,,0.5833333333333334,0.5,68.6,1.683,0.374,27.614861111111114,11.616511111111112,2.5083923500000003,AVOID
42,Guessand,8,Crystal Palace,MID,5.5,0.0,a,100.0,909.0,44.0,0.0,2.1,2.0,0.0,1.0,3.0,2.0,0.0,143.0,42.0,76.6,187.0,159.4,9.0,,0.4166666666666667,0.5,69.0,1.823,0.33145454545454545,27.872116666666667,12.704584242424245,2.504230340909091,AVOID
246,Röhl,9,Everton,MID,5.0,0.1,a,100.0,675.0,36.0,0.0,2.2,1.5,0.0,1.0,1.0,2.0,2.0,98.0,26.3,87.4,62.0,113.0,6.0,,0.4166666666666667,0.5416666666666666,69.0,1.776,0.3552,24.536675000000002,12.463100444444448,2.5036252666666665,AVOID
545,Sadiki,20,Sunderland,MID,5.0,0.4,a,100.0,2891.0,80.0,0.0,2.4,1.5,0.0,0.0,2.0,9.0,0.0,410.0,84.6,333.3,162.0,347.6,33.0,,0.6666666666666666,0.5,68.1,1.635,0.327,27.259166666666665,11.507345111111112,2.4987133166666666,AVOID
34,Pau,2,Aston Villa,DEF,4.5,0.4,a,100.0,1673.0,64.0,0.0,3.0,1.7,0.0,0.0,2.0,5.0,2.0,280.0,45.1,47.1,79.0,321.8,18.0,,0.5,0.5,69.0,1.695,0.3766666666666667,24.243533333333335,12.002,2.497124583333333,AVOID
485,Bakwa,18,Nott'm Forest,MID,5.5,0.0,a,100.0,549.0,26.0,0.0,1.9,2.0,0.0,0.0,2.0,2.0,1.0,100.0,35.6,178.8,95.0,86.4,6.0,,0.5,0.5,69.0,1.748,0.31781818181818183,26.488333333333337,12.23785696969697,2.4846013636363637,AVOID
325,Darlow,16,Man Utd,GK,4.5,0.0,d,75.0,1980.0,71.0,0.0,3.2,1.4,0.0,0.0,0.0,5.0,3.0,334.0,53.4,0.0,0.0,531.4,22.0,Unspecified injury - 75% chance of playing,0.6666666666666666,0.5416666666666666,69.0,1.553,0.3451111111111111,20.195625000000003,11.138148148148149,2.4789063611111106,WATCH
157,Estêvão,6,Chelsea,MID,6.5,1.4,a,100.0,839.0,58.0,0.0,2.6,2.3,0.0,2.0,5.0,4.0,4.0,172.0,72.6,230.9,314.0,183.4,12.0,,0.4166666666666667,0.5,61.3,1.966,0.30246153846153845,30.011805555555554,12.883610814814814,2.4743121038461537,AVOID
547,Mundle,20,Sunderland,MID,5.0,0.0,a,100.0,399.0,14.0,0.0,1.0,1.5,0.0,0.0,0.0,0.0,0.0,42.0,12.7,33.6,69.0,29.4,2.0,,0.6666666666666666,0.5,69.0,1.588,0.3176,21.97886666666667,11.294528000000001,2.4646868,AVOID
330,Bogle,13,Leeds,DEF,4.5,0.5,a,100.0,2795.0,96.0,0.0,2.8,1.7,0.0,1.0,5.0,6.0,1.0,311.0,100.3,346.1,218.0,436.0,32.0,,0.5,0.4583333333333333,68.0,1.688,0.3751111111111111,27.47965277777778,11.89179012345679,2.459346888888889,AVOID
494,Vicario,19,Spurs,GK,4.5,1.2,a,100.0,2790.0,90.0,0.0,2.9,1.9,0.0,0.0,0.0,7.0,6.0,412.0,72.2,10.1,0.0,709.2,31.0,,0.5833333333333334,0.5,69.0,1.607,0.3571111111111111,20.684950000000004,11.387481481481483,2.454383361111111,AVOID
348,Piroe,13,Leeds,FWD,5.0,0.5,a,100.0,244.0,17.0,0.0,1.1,1.4,0.0,0.0,0.0,1.0,0.0,42.0,16.5,38.1,120.0,13.6,2.0,,0.5,0.4583333333333333,69.0,1.702,0.3404,24.566575,11.969934222222223,2.4493405333333333,AVOID
162,Andrey Santos,16,Man Utd,MID,5.0,1.2,a,100.0,1247.0,47.0,0.0,1.7,1.5,0.0,1.0,0.0,1.0,3.0,257.0,47.5,153.9,91.0,229.6,13.0,,0.6666666666666666,0.5416666666666666,69.0,1.565,0.313,24.845625000000002,11.059973333333334,2.447109,AVOID
233,Mykolenko,9,Everton,DEF,4.5,1.4,a,100.0,2959.0,95.0,0.0,2.9,1.7,0.0,0.0,1.0,9.0,2.0,350.0,102.3,394.1,71.0,559.2,33.0,,0.4166666666666667,0.5416666666666666,68.9,1.692,0.376,25.107152777777777,11.90171851851852,2.4425515166666667,AVOID
33,Mings,2,Aston Villa,DEF,4.5,0.3,a,100.0,1322.0,50.0,0.0,2.9,1.7,0.0,0.0,1.0,3.0,4.0,169.0,46.8,80.5,105.0,282.6,15.0,,0.5,0.5,68.3,1.651,0.3668888888888889,24.968777777777778,11.692259876543211,2.440813086111111,AVOID
211,Yeremy,8,Crystal Palace,MID,5.5,0.2,a,100.0,2074.0,77.0,0.0,2.3,2.0,0.0,2.0,2.0,7.0,3.0,331.0,141.4,718.4,371.0,325.8,26.0,,0.4166666666666667,0.5,65.1,1.809,0.3289090909090909,28.526249999999997,12.361423414141413,2.434002753787879,AVOID
22,Nwaneri,1,Arsenal,MID,5.5,0.0,a,100.0,165.0,8.0,0.0,1.3,2.0,0.0,0.0,0.0,1.0,0.0,20.0,5.4,22.5,24.0,8.6,0.0,,0.4166666666666667,0.5,69.0,1.755,0.3190909090909091,21.430916666666665,12.281418181818182,2.433688068181818,AVOID
222,Strand Larsen,8,Crystal Palace,FWD,6.0,0.6,a,100.0,2301.0,75.0,0.0,2.1,2.0,0.0,4.0,1.0,5.0,3.0,215.0,91.5,203.1,469.0,265.2,26.0,,0.4166666666666667,0.5,68.4,1.792,0.2986666666666667,28.429583333333333,12.380581333333334,2.431473066666667,AVOID
262,Smith Rowe,10,Fulham,MID,5.5,0.4,a,100.0,1909.0,80.0,0.0,2.2,2.0,0.0,3.0,1.0,6.0,1.0,351.0,102.6,330.0,404.0,291.6,22.0,,0.4166666666666667,0.4166666666666667,67.8,1.798,0.3269090909090909,28.403333333333336,12.445146343434343,2.4276030757575753,AVOID
522,Gray,19,Spurs,MID,5.0,0.2,a,100.0,1471.0,61.0,0.0,2.5,1.5,0.0,2.0,2.0,5.0,6.0,237.0,55.5,138.1,158.0,259.4,18.0,,0.5833333333333334,0.5,65.8,1.645,0.329,27.02983888888889,11.45348325925926,2.4211468999999997,AVOID
109,Verbruggen,5,Brighton,GK,4.5,19.0,a,100.0,3420.0,130.0,0.0,3.4,1.9,0.0,0.0,0.0,10.0,6.0,616.0,94.7,10.0,0.0,935.0,38.0,,0.5,0.5,69.0,1.746,0.388,21.938333333333336,10.993333333333334,2.4208855,AVOID
385,Trafford,13,Leeds,GK,5.0,2.8,a,100.0,360.0,13.0,0.0,3.2,2.6,0.0,0.0,0.0,1.0,0.0,67.0,11.9,0.0,0.0,118.0,4.0,,0.5,0.4583333333333333,69.6,1.683,0.3366,20.125708333333336,11.711637422222225,2.420205786666666,AVOID
483,Ndoye,18,Nott'm Forest,MID,5.5,0.5,a,100.0,1167.0,50.0,0.0,2.1,2.0,0.0,1.0,2.0,2.0,4.0,178.0,56.6,217.7,180.0,166.4,14.0,,0.5,0.5,66.4,1.721,0.3129090909090909,27.810555555555556,11.878707622895625,2.4172345909090915,AVOID
456,J.Ramsey,17,Newcastle,MID,5.0,0.4,a,100.0,1441.0,62.0,0.0,2.2,1.5,0.0,2.0,3.0,1.0,3.0,303.0,79.9,330.3,165.0,304.4,15.0,,0.4166666666666667,0.5416666666666666,69.0,1.692,0.3384,27.479375,11.914929777777779,2.4126753666666665,AVOID
254,Robinson,10,Fulham,DEF,4.5,2.1,a,100.0,1487.0,65.0,0.0,3.0,1.7,0.0,1.0,0.0,4.0,7.0,280.0,79.3,334.6,82.0,375.0,17.0,,0.4166666666666667,0.4166666666666667,68.0,1.723,0.3828888888888889,25.617777777777782,11.990783950617285,2.411608277777778,AVOID
539,O'Nien,20,Sunderland,DEF,4.0,3.1,a,100.0,565.0,26.0,0.0,2.2,1.0,0.0,0.0,1.0,2.0,1.0,90.0,17.1,27.6,40.0,103.0,5.0,,0.6666666666666666,0.5,69.0,1.487,0.37175,20.224866666666667,10.563271111111115,2.4114246041666667,AVOID
7,Lewis-Skelly,1,Arsenal,MID,5.5,0.5,a,100.0,697.0,29.0,0.0,1.4,2.0,0.0,0.0,0.0,2.0,0.0,110.0,17.6,74.6,29.0,73.2,5.0,,0.4166666666666667,0.5,69.0,1.736,0.31563636363636366,22.56511666666667,12.125402828282832,2.410248560606061,AVOID
209,Johnson,9,Everton,MID,6.0,0.2,a,100.0,1710.0,65.0,0.0,1.9,2.1,0.0,2.0,1.0,6.0,2.0,217.0,75.8,311.1,230.0,223.4,19.0,,0.4166666666666667,0.5416666666666666,69.0,1.74,0.29,27.959375,12.125155555555555,2.4051633333333333,AVOID
158,Gittens,6,Chelsea,MID,6.0,0.0,a,100.0,486.0,25.0,0.0,1.6,2.1,0.0,0.0,2.0,1.0,0.0,99.0,31.3,130.4,91.0,93.0,5.0,,0.4166666666666667,0.5,69.0,1.747,0.2911666666666667,25.821216666666672,12.183635555555558,2.398145041666667,AVOID
489,Yates,18,Nott'm Forest,MID,4.5,5.9,d,75.0,602.0,30.0,0.0,1.4,0.8,0.0,0.0,2.0,0.0,0.0,123.0,27.2,79.7,55.0,139.0,2.0,Unspecified injury - 75% chance of playing,0.5,0.5,69.0,1.641,0.3646666666666667,23.023733333333336,11.246444444444446,2.3978392499999996,AVOID
241,McNeil,8,Crystal Palace,MID,5.5,0.2,a,100.0,1161.0,53.0,0.0,2.4,2.0,0.0,0.0,3.0,6.0,1.0,186.0,52.2,242.4,138.0,140.6,14.0,,0.4166666666666667,0.5,66.3,1.755,0.3190909090909091,27.652916666666663,12.103958888888886,2.395509640151515,AVOID
91,Pinnock,4,Brentford,DEF,4.5,0.1,a,100.0,318.0,14.0,0.0,3.5,1.7,0.0,0.0,0.0,1.0,2.0,53.0,12.3,1.2,33.0,88.6,4.0,,0.5833333333333334,0.4583333333333333,65.0,1.606,0.3568888888888889,20.411302777777777,11.239506172839508,2.3911902777777776,AVOID
11,Mosquera,1,Arsenal,DEF,5.5,11.6,a,100.0,986.0,40.0,0.0,2.0,2.5,0.0,0.0,0.0,3.0,1.0,195.0,32.9,88.7,20.0,219.2,9.0,,0.4166666666666667,0.5,69.4,1.786,0.32472727272727275,23.661705555555553,11.620628632996635,2.384647318181818,AVOID
268,King,10,Fulham,MID,5.5,0.2,a,100.0,1290.0,63.0,0.0,2.0,2.0,0.0,1.0,3.0,5.0,3.0,225.0,73.3,198.7,336.0,207.4,15.0,,0.4166666666666667,0.4166666666666667,67.5,1.758,0.31963636363636366,27.996666666666666,12.194645454545453,2.383838446969697,AVOID
267,Lukić,12,Ipswich Town,MID,5.0,0.1,a,100.0,1730.0,67.0,0.0,2.6,1.5,0.0,1.0,4.0,6.0,4.0,314.0,93.4,441.6,176.0,317.6,20.0,,0.4166666666666667,0.5,67.7,1.69,0.33799999999999997,27.394027777777776,11.849091259259259,2.3797287833333334,AVOID
31,Konsa,2,Aston Villa,DEF,4.5,15.0,a,100.0,3035.0,100.0,0.0,2.9,1.7,0.0,0.0,1.0,9.0,3.0,497.0,84.0,108.3,124.0,601.4,34.0,,0.5,0.5,68.7,1.687,0.3748888888888889,26.241266666666668,10.832564814814816,2.3756129805555553,AVOID
89,Henry,4,Brentford,DEF,4.5,0.2,a,100.0,1322.0,52.0,0.0,2.1,1.7,0.0,0.0,2.0,4.0,0.0,144.0,26.9,82.0,35.0,151.6,14.0,,0.5833333333333334,0.4583333333333333,69.0,1.534,0.3408888888888889,21.466791666666666,11.00340740740741,2.3674142222222225,AVOID
168,Marc Guiu,6,Chelsea,FWD,5.0,0.4,a,100.0,265.0,13.0,0.0,1.3,1.4,0.0,0.0,1.0,0.0,0.0,19.0,13.1,40.1,86.0,24.6,1.0,,0.4166666666666667,0.5,69.0,1.66,0.33199999999999996,22.898616666666666,11.714737777777778,2.3632176666666664,AVOID
395,Lewis,15,Man City,DEF,4.5,0.2,a,100.0,401.0,19.0,0.0,1.7,1.7,0.0,0.0,1.0,1.0,2.0,72.0,23.8,112.5,55.0,70.8,4.0,,0.5833333333333334,0.5,69.0,1.51,0.33555555555555555,22.089750000000002,10.852296296296297,2.357181388888889,AVOID
213,Lerma,8,Crystal Palace,MID,5.0,0.1,a,100.0,1722.0,69.0,0.0,2.2,1.5,0.0,0.0,5.0,7.0,3.0,296.0,72.5,207.2,233.0,287.6,18.0,,0.4166666666666667,0.5,69.0,1.637,0.3274,26.892916666666668,11.593516444444447,2.3411648666666665,AVOID
546,Adingra,20,Sunderland,MID,5.0,0.3,a,100.0,649.0,34.0,0.0,2.4,1.5,0.0,1.0,1.0,4.0,3.0,81.0,27.0,116.8,75.0,81.4,9.0,,0.6666666666666666,0.5,62.1,1.561,0.3122,23.37743333333333,10.7274084,2.3401125400000002,AVOID
270,Reed,10,Fulham,MID,4.5,1.1,a,100.0,89.0,15.0,0.0,2.1,1.0,0.0,1.0,0.0,0.0,2.0,48.0,9.7,44.4,11.0,42.0,1.0,,0.4166666666666667,0.4166666666666667,68.6,1.641,0.3646666666666667,20.27541111111111,11.586348148148149,2.3389009499999998,AVOID
90,Hickey,4,Brentford,DEF,4.5,0.1,a,100.0,679.0,37.0,0.0,1.8,1.7,0.0,0.0,0.0,2.0,0.0,105.0,16.0,17.1,43.0,101.4,8.0,,0.5833333333333334,0.4583333333333333,67.0,1.53,0.34,20.353047222222223,10.878074074074075,2.3374325,AVOID
264,Bobb,10,Fulham,MID,5.5,0.3,a,100.0,1030.0,42.0,0.0,1.8,2.0,0.0,0.0,2.0,4.0,0.0,182.0,66.4,315.4,205.0,140.4,11.0,,0.4166666666666667,0.4166666666666667,69.0,1.684,0.30618181818181817,27.290000000000003,11.816916363636363,2.3264711363636366,AVOID
36,Maatsen,2,Aston Villa,DEF,4.5,0.9,a,100.0,1590.0,54.0,0.0,1.8,1.7,0.0,0.0,1.0,2.0,1.0,242.0,94.3,373.4,231.0,336.6,17.0,,0.5,0.5,69.0,1.532,0.34044444444444444,25.978333333333335,10.937925925925928,2.3175229444444443,AVOID
215,Devenny,8,Crystal Palace,MID,5.0,0.0,a,100.0,785.0,36.0,0.0,1.7,1.5,0.0,1.0,0.0,1.0,0.0,108.0,38.4,101.8,168.0,115.0,7.0,,0.4166666666666667,0.5,69.0,1.61,0.322,26.04451666666667,11.432160000000003,2.313396,AVOID
250,Leno,10,Fulham,GK,4.5,3.2,a,100.0,3420.0,122.0,0.0,3.2,1.9,0.0,0.0,0.0,9.0,8.0,556.0,81.5,0.0,0.0,816.2,38.0,,0.4166666666666667,0.4166666666666667,69.0,1.621,0.3602222222222222,20.360000000000003,11.324518518518518,2.3068973055555557,AVOID
167,Delap,6,Chelsea,FWD,5.5,0.5,a,100.0,1092.0,45.0,0.0,1.6,1.8,0.0,1.0,2.0,2.0,1.0,123.0,47.3,73.7,349.0,67.8,12.0,,0.4166666666666667,0.5,69.0,1.635,0.2972727272727273,25.95731666666667,11.496876767676769,2.305472537878788,AVOID
151,Acheampong,6,Chelsea,DEF,4.5,0.3,a,100.0,657.0,39.0,0.0,2.3,1.7,0.0,1.0,0.0,2.0,5.0,118.0,24.4,40.9,70.0,132.6,8.0,,0.4166666666666667,0.5,66.0,1.596,0.3546666666666667,22.23005,11.218777777777778,2.293778666666667,AVOID
333,Bornauw,13,Leeds,DEF,4.5,0.0,a,100.0,429.0,25.0,0.0,2.1,1.7,0.0,0.0,0.0,2.0,0.0,73.0,12.2,6.3,19.0,98.6,5.0,,0.5,0.4583333333333333,67.4,1.535,0.3411111111111111,19.255919444444444,10.938345679012347,2.2911456388888887,AVOID
454,Elanga,17,Newcastle,MID,6.0,0.7,a,100.0,1302.0,48.0,0.0,1.5,2.1,0.0,0.0,1.0,2.0,0.0,179.0,57.8,266.7,185.0,130.4,14.0,,0.4166666666666667,0.5416666666666666,69.0,1.628,0.2713333333333333,26.839375,11.393475555555556,2.2869934999999995,AVOID
149,Colwill,6,Chelsea,DEF,5.0,1.7,a,100.0,225.0,8.0,0.0,2.7,2.2,0.0,0.0,0.0,0.0,0.0,30.0,8.0,7.6,6.0,66.0,2.0,,0.4166666666666667,0.5,69.0,1.593,0.3186,19.209116666666667,11.197363555555555,2.2827631333333334,AVOID
147,Tosin,6,Chelsea,DEF,4.5,0.2,a,100.0,788.0,34.0,0.0,2.1,1.7,0.0,0.0,0.0,2.0,2.0,130.0,29.3,33.3,19.0,240.4,8.0,,0.4166666666666667,0.5,69.0,1.54,0.3422222222222222,20.336016666666666,11.041185185185185,2.2732005555555554,AVOID
214,Kamada,8,Crystal Palace,MID,5.0,0.3,a,100.0,1899.0,67.0,0.0,2.4,1.5,0.0,0.0,2.0,6.0,0.0,331.0,74.5,350.1,155.0,239.2,22.0,,0.4166666666666667,0.5,67.6,1.583,0.3166,26.321805555555553,11.163440088888889,2.26479072,AVOID
243,Alcaraz,9,Everton,MID,5.0,0.1,a,100.0,679.0,29.0,0.0,1.4,1.5,0.0,0.0,1.0,3.0,0.0,121.0,41.8,161.9,162.0,93.8,6.0,,0.4166666666666667,0.5416666666666666,69.0,1.536,0.30720000000000003,25.919375000000002,10.961660444444446,2.2501612666666664,AVOID
271,Muniz,10,Fulham,FWD,5.5,0.6,a,100.0,987.0,36.0,0.0,1.7,1.8,0.0,1.0,1.0,3.0,3.0,94.0,47.3,93.2,287.0,113.2,10.0,,0.4166666666666667,0.4166666666666667,69.0,1.608,0.2923636363636364,25.848400000000005,11.321299393939396,2.245392272727273,AVOID
383,Elliott,14,Liverpool,MID,5.5,0.1,a,100.0,110.0,5.0,0.0,1.0,2.0,0.0,0.0,0.0,0.0,0.0,17.0,7.4,31.7,31.0,11.8,1.0,,0.5833333333333334,0.5416666666666666,69.0,1.446,0.2629090909090909,19.058608333333336,10.350946262626262,2.244402348484848,AVOID
548,Rigg,20,Sunderland,MID,5.0,0.1,a,100.0,758.0,36.0,0.0,2.0,1.5,0.0,1.0,1.0,3.0,1.0,136.0,36.0,142.8,103.0,114.6,11.0,,0.6666666666666666,0.5,60.9,1.476,0.2952,24.012766666666664,10.165962044444445,2.2395134766666667,AVOID
265,Berge,10,Fulham,MID,5.0,0.4,a,100.0,2904.0,91.0,0.0,2.6,1.5,0.0,0.0,3.0,8.0,3.0,503.0,91.0,365.1,105.0,437.8,34.0,,0.4166666666666667,0.4166666666666667,67.2,1.594,0.31880000000000003,25.000000000000004,11.202119644444446,2.239441786666667,AVOID
70,Kluivert,3,Bournemouth,MID,6.0,1.1,a,100.0,945.0,41.0,0.0,2.0,2.1,0.0,2.0,0.0,4.0,3.0,147.0,58.8,305.1,135.0,148.0,10.0,,0.3333333333333333,0.3333333333333333,69.0,1.712,0.2853333333333333,26.91166666666667,11.883680000000002,2.2333531666666664,AVOID
117,Coppola,5,Brighton,DEF,4.5,0.0,a,100.0,193.0,10.0,0.0,2.0,1.7,0.0,0.0,0.0,1.0,0.0,32.0,4.8,3.7,2.0,42.4,2.0,,0.5,0.5,69.0,1.445,0.3211111111111111,17.553733333333337,10.458148148148151,2.230364861111111,AVOID
326,Perri,13,Leeds,GK,4.5,0.6,a,100.0,1440.0,43.0,0.0,2.7,1.9,0.0,0.0,0.0,3.0,3.0,153.0,32.2,0.0,0.0,322.4,16.0,,0.5,0.4583333333333333,69.0,1.446,0.3213333333333333,18.655875,10.41911111111111,2.211306333333333,AVOID
71,Cook,3,Bournemouth,MID,5.0,0.1,a,100.0,872.0,40.0,0.0,2.2,1.5,0.0,0.0,1.0,1.0,0.0,190.0,40.6,183.8,12.0,206.8,8.0,,0.3333333333333333,0.3333333333333333,69.0,1.625,0.325,22.351666666666667,11.518444444444446,2.2076666666666664,AVOID
255,J.Cuenca,10,Fulham,DEF,4.5,0.0,a,100.0,935.0,39.0,0.0,2.6,1.7,0.0,0.0,0.0,2.0,1.0,155.0,31.2,47.2,14.0,249.6,11.0,,0.4166666666666667,0.4166666666666667,67.1,1.528,0.33955555555555555,20.20317777777778,10.878469135802469,2.2067447111111114,AVOID
460,Willock,17,Newcastle,MID,5.0,0.1,a,100.0,972.0,38.0,0.0,1.6,1.5,0.0,0.0,2.0,3.0,0.0,166.0,55.5,205.8,204.0,145.4,10.0,,0.4166666666666667,0.5416666666666666,69.0,1.493,0.29860000000000003,25.489375000000003,10.692652444444448,2.204748966666666,AVOID
508,Davies,19,Spurs,DEF,4.0,1.0,a,100.0,136.0,10.0,0.0,3.3,1.0,0.0,1.0,0.0,0.0,1.0,29.0,14.2,22.2,52.0,67.4,2.0,,0.5833333333333334,0.5,60.5,1.433,0.35825,19.525261111111114,9.946750370370369,2.199453552083334,AVOID
258,Castagne,10,Fulham,DEF,4.5,0.3,a,100.0,1838.0,61.0,0.0,2.0,1.7,0.0,0.0,2.0,3.0,3.0,294.0,86.2,292.2,195.0,373.0,20.0,,0.4166666666666667,0.4166666666666667,69.0,1.494,0.332,25.39,10.744,2.191497,AVOID
118,Igor,5,Brighton,DEF,4.5,0.1,a,100.0,103.0,6.0,0.0,1.5,1.7,0.0,0.0,0.0,0.0,0.0,10.0,3.6,10.6,0.0,25.8,1.0,,0.5,0.5,69.0,1.407,0.31266666666666665,17.142533333333333,10.211333333333336,2.188618083333333,AVOID
101,Henderson,6,Chelsea,MID,5.0,0.0,d,75.0,1911.0,76.0,0.0,2.4,1.1,0.0,1.0,3.0,6.0,5.0,343.0,74.4,358.3,49.0,336.6,22.0,Wrist injury - 75% chance of playing,0.4166666666666667,0.5,67.8,1.503,0.3006,22.49625,10.6994576,2.1856420599999997,AVOID
57,Petrović,3,Bournemouth,GK,4.5,3.5,a,100.0,3420.0,124.0,0.0,3.3,1.9,0.0,0.0,0.0,11.0,5.0,512.0,82.4,0.0,0.0,822.6,38.0,,0.3333333333333333,0.3333333333333333,69.0,1.592,0.3537777777777778,19.861666666666668,11.119259259259263,2.1838696111111107,AVOID
430,Mount,16,Man Utd,MID,5.5,0.1,d,50.0,1010.0,58.0,0.0,2.5,1.0,0.0,3.0,0.0,5.0,3.0,201.0,58.0,214.1,165.0,201.2,12.0,Foot injury - 50% chance of playing,0.6666666666666666,0.5416666666666666,52.1,1.535,0.27909090909090906,25.940069444444447,10.001408451178452,2.168793617424242,AVOID
496,Kinsky,19,Spurs,GK,4.5,20.7,a,100.0,630.0,20.0,0.0,2.9,1.9,0.0,0.0,0.0,2.0,0.0,76.0,10.3,0.0,0.0,102.6,7.0,,0.5833333333333334,0.5,69.0,1.449,0.322,17.87225,9.123333333333335,2.15860575,AVOID
206,Chadi Riad,8,Crystal Palace,DEF,4.5,0.1,a,100.0,550.0,20.0,0.0,2.2,1.7,0.0,0.0,1.0,1.0,0.0,84.0,18.3,23.9,41.0,117.8,6.0,,0.4166666666666667,0.5,69.0,1.416,0.31466666666666665,19.148216666666666,10.268000000000002,2.140153833333333,AVOID
62,Diakité,3,Bournemouth,DEF,5.0,0.2,a,100.0,1275.0,46.0,0.0,2.6,2.2,0.0,0.0,0.0,4.0,2.0,164.0,34.4,54.3,22.0,267.0,15.0,,0.3333333333333333,0.3333333333333333,67.1,1.581,0.3162,20.99404444444444,11.130979362962963,2.137520256666667,AVOID
35,Bogarde,2,Aston Villa,MID,5.0,0.1,a,100.0,1042.0,40.0,0.0,1.4,1.5,0.0,0.0,0.0,2.0,4.0,121.0,20.6,59.4,14.0,133.0,11.0,,0.5,0.5,69.0,1.388,0.27759999999999996,18.723133333333333,10.035772444444445,2.136370966666666,AVOID
245,Dibling,9,Everton,MID,5.5,0.0,a,100.0,349.0,18.0,0.0,1.3,2.0,0.0,0.0,0.0,2.0,0.0,49.0,13.6,61.0,32.0,46.0,4.0,,0.4166666666666667,0.5416666666666666,67.9,1.466,0.26654545454545453,19.623930555555557,10.426436646464646,2.136336409090909,AVOID
506,Udogie,19,Spurs,DEF,4.5,0.5,a,100.0,1335.0,29.0,0.0,1.4,1.7,0.0,0.0,1.0,1.0,1.0,121.0,49.8,187.0,103.0,207.2,14.0,,0.5833333333333334,0.5,69.0,1.289,0.28644444444444445,22.27375,9.438148148148148,2.1164910277777778,AVOID
73,Adams,3,Bournemouth,MID,5.0,0.5,d,75.0,1769.0,77.0,0.0,3.1,1.1,0.0,2.0,2.0,7.0,3.0,346.0,66.3,158.2,115.0,387.0,21.0,Unspecified injury - 75% chance of playing,0.3333333333333333,0.3333333333333333,66.8,1.563,0.3126,24.772777777777776,10.980640562962963,2.112913226666667,AVOID
343,James,13,Leeds,MID,5.0,0.1,a,100.0,547.0,23.0,0.0,1.2,1.5,0.0,0.0,0.0,1.0,0.0,93.0,33.9,133.1,133.0,70.8,6.0,,0.5,0.4583333333333333,69.0,1.375,0.275,23.609575000000003,9.954444444444446,2.1069791666666666,AVOID
74,Brooks,3,Bournemouth,MID,5.0,0.1,d,75.0,1188.0,59.0,0.0,1.9,1.1,0.0,1.0,3.0,5.0,4.0,215.0,104.1,384.5,434.0,236.2,13.0,Unspecified injury - 75% chance of playing,0.3333333333333333,0.3333333333333333,69.0,1.525,0.305,25.491666666666667,10.892844444444444,2.102056666666666,AVOID
497,Dubravka,19,Spurs,GK,4.0,21.8,a,100.0,3150.0,96.0,0.0,2.7,1.0,0.0,0.0,0.0,4.0,7.0,436.0,97.9,0.0,0.0,976.4,35.0,,0.5833333333333334,0.5,69.0,1.353,0.33825,18.02375,8.58704,2.0937070625,AVOID
29,M.Bizot,2,Aston Villa,GK,4.5,0.1,a,100.0,585.0,16.0,0.0,2.3,1.9,0.0,0.0,0.0,1.0,0.0,75.0,13.9,0.0,0.0,139.2,6.0,,0.5,0.5,69.0,1.308,0.2906666666666667,16.488833333333336,9.588000000000001,2.081799833333333,AVOID
394,Alleyne,15,Man City,DEF,5.0,0.0,a,100.0,135.0,5.0,0.0,2.5,2.2,0.0,0.0,0.0,0.0,0.0,27.0,7.5,14.8,26.0,34.0,2.0,,0.5833333333333334,0.5,60.3,1.38,0.27599999999999997,17.820516666666666,9.567095999999998,2.0805551,AVOID
37,Lindelöf,2,Aston Villa,DEF,4.5,0.2,a,100.0,942.0,29.0,0.0,1.7,1.7,0.0,0.0,1.0,1.0,0.0,124.0,22.7,36.6,22.0,167.8,11.0,,0.5,0.5,67.3,1.31,0.2911111111111111,17.966255555555556,9.513095061728395,2.06342725,AVOID
24,Nelson,1,Arsenal,MID,5.5,0.0,a,100.0,118.0,13.0,0.0,1.3,2.0,0.0,0.0,1.0,0.0,0.0,39.0,10.0,32.6,29.0,42.6,0.0,,0.4166666666666667,0.5,51.4,1.604,0.29163636363636364,20.008005555555556,10.363237494949495,2.0531547272727275,AVOID
64,Smith,3,Bournemouth,DEF,4.5,0.1,a,100.0,1073.0,58.0,0.0,2.6,1.7,0.0,0.0,2.0,6.0,4.0,185.0,27.1,76.6,18.0,176.2,14.0,,0.3333333333333333,0.3333333333333333,63.9,1.498,0.3328888888888889,19.912033333333333,10.51468888888889,2.047749788888889,AVOID
244,Armstrong,9,Everton,MID,5.0,0.1,a,100.0,524.0,21.0,0.0,1.6,1.5,0.0,0.0,0.0,1.0,0.0,84.0,21.0,69.7,78.0,60.0,6.0,,0.4166666666666667,0.5416666666666666,68.0,1.351,0.2702,20.293552777777776,9.756240148148148,2.0433035333333334,AVOID
21,Nørgaard,9,Everton,MID,5.0,0.4,d,75.0,101.0,7.0,0.0,1.0,1.1,0.0,0.0,0.0,0.0,0.0,28.0,4.0,5.5,10.0,23.4,1.0,Lack of match fitness - 75% chance of playing,0.4166666666666667,0.5416666666666666,69.0,1.334,0.26680000000000004,16.570375,9.675281777777778,2.0345915666666667,AVOID
487,Dominguez,18,Nott'm Forest,MID,5.0,0.1,a,100.0,1168.0,48.0,0.0,1.8,1.5,0.0,1.0,1.0,3.0,3.0,229.0,59.7,193.5,138.0,264.8,17.0,,0.5,0.5,60.8,1.383,0.2766,23.94611111111111,9.602351081481482,2.033465093333333,AVOID
478,Netz,18,Nott'm Forest,DEF,4.5,0.0,a,100.0,353.0,11.0,0.0,1.6,1.7,0.0,0.0,0.0,0.0,0.0,33.0,10.4,30.1,10.0,63.4,3.0,,0.5,0.5,69.0,1.251,0.27799999999999997,16.422533333333334,9.236666666666666,2.0210442499999997,AVOID
551,Angulo,20,Sunderland,MID,5.0,0.1,a,100.0,401.0,13.0,0.0,1.6,1.5,0.0,0.0,0.0,1.0,0.0,43.0,17.8,44.3,89.0,45.4,5.0,,0.6666666666666666,0.5,65.2,1.208,0.24159999999999998,19.05232222222222,8.743727585185185,2.01883544,AVOID
259,Diop,12,Ipswich Town,DEF,4.0,18.1,a,100.0,812.0,31.0,0.0,2.4,1.0,0.0,1.0,0.0,1.0,3.0,103.0,23.0,8.0,31.0,190.8,8.0,,0.4166666666666667,0.5,69.0,1.34,0.335,18.10891666666667,8.504533333333335,1.9629587499999999,AVOID
2,Arrizabalaga,1,Arsenal,GK,5.0,0.1,a,100.0,90.0,2.0,0.0,2.0,2.6,0.0,0.0,0.0,0.0,0.0,11.0,2.0,0.0,0.0,19.8,1.0,,0.4166666666666667,0.5,69.6,1.232,0.2464,15.071250000000001,9.086483022222223,1.9198581466666667,AVOID
468,John,18,Nott'm Forest,GK,4.5,0.1,a,100.0,437.0,11.0,0.0,2.2,1.9,0.0,0.0,0.0,1.0,0.0,32.0,5.7,0.0,0.0,56.4,5.0,,0.5,0.5,68.0,1.149,0.25533333333333336,14.507611111111112,8.544796296296296,1.8995715000000002,AVOID
161,Lavia,6,Chelsea,MID,5.0,0.0,a,100.0,374.0,13.0,0.0,1.1,1.5,0.0,0.0,0.0,0.0,0.0,81.0,9.5,46.6,14.0,34.4,4.0,,0.4166666666666667,0.5,69.0,1.202,0.2404,16.074616666666667,8.879712,1.8825072,AVOID
474,Jair Cunha,18,Nott'm Forest,DEF,4.5,0.3,a,100.0,514.0,13.0,0.0,1.4,1.7,0.0,0.0,0.0,0.0,0.0,48.0,14.2,15.2,29.0,98.0,6.0,,0.5,0.5,67.3,1.091,0.24244444444444443,15.346955555555555,8.138204320987654,1.828637725,AVOID
352,Woodman,14,Liverpool,GK,4.0,1.1,a,100.0,212.0,6.0,0.0,2.0,1.0,0.0,0.0,0.0,0.0,0.0,34.0,8.4,0.0,0.0,83.8,2.0,,0.5833333333333334,0.5416666666666666,69.0,0.981,0.24525,13.143208333333334,7.50296888888889,1.8234021458333334,AVOID
493,Kalimuendo,18,Nott'm Forest,FWD,5.5,0.1,a,100.0,89.0,9.0,0.0,1.0,1.8,0.0,0.0,0.0,0.0,0.0,24.0,6.3,17.7,39.0,6.8,0.0,,0.5,0.5,40.3,1.444,0.2625454545454545,18.251455555555555,8.884015124579125,1.8208047954545452,AVOID
537,Seelt,20,Sunderland,DEF,4.5,0.0,a,100.0,133.0,2.0,0.0,1.0,1.7,0.0,0.0,0.0,0.0,0.0,11.0,3.6,2.4,0.0,33.6,1.0,,0.6666666666666666,0.5,69.0,0.955,0.2122222222222222,12.794966666666665,7.372962962962962,1.8180184722222221,AVOID
148,Hato,6,Chelsea,DEF,4.5,0.6,a,100.0,1139.0,19.0,0.0,0.9,1.7,0.0,0.0,0.0,0.0,0.0,93.0,38.4,114.9,36.0,233.2,12.0,,0.4166666666666667,0.5,69.0,1.067,0.2371111111111111,17.35171666666667,8.032814814814815,1.7598633611111112,AVOID
212,Hughes,8,Crystal Palace,MID,4.5,11.0,a,100.0,1560.0,45.0,0.0,1.5,1.0,0.0,0.0,1.0,5.0,0.0,217.0,60.9,322.9,90.0,198.0,19.0,,0.4166666666666667,0.5,66.0,1.15,0.25555555555555554,20.156249999999996,7.65537037037037,1.7421555555555552,AVOID
38,A.García,2,Aston Villa,DEF,4.0,1.7,a,100.0,83.0,5.0,0.0,0.8,1.0,0.0,0.0,0.0,0.0,0.0,12.0,2.3,3.2,2.0,17.8,1.0,,0.5,0.5,66.3,0.955,0.23875,12.475233333333332,7.196102222222222,1.690404802083333,AVOID
72,Gannon-Doak,3,Bournemouth,MID,5.0,0.1,a,100.0,105.0,11.0,0.0,1.4,1.5,0.0,0.0,1.0,0.0,0.0,33.0,8.9,17.8,39.0,32.4,0.0,,0.3333333333333333,0.3333333333333333,46.4,1.359,0.2718,17.238544444444447,8.762641214814815,1.6834791733333334,AVOID
150,M.Sarr,6,Chelsea,DEF,4.5,0.1,a,100.0,100.0,3.0,0.0,1.0,1.7,0.0,0.0,0.0,0.0,0.0,4.0,1.3,0.1,7.0,6.4,1.0,,0.4166666666666667,0.5,69.0,0.981,0.218,12.727616666666668,7.529111111111112,1.6708009166666666,AVOID
104,Onyeka,7,Coventry City,MID,5.0,0.2,a,100.0,88.0,12.0,0.0,2.0,1.5,0.0,0.0,2.0,0.0,0.0,41.0,4.6,13.6,4.0,28.4,0.0,,0.25,0.4583333333333333,39.9,1.384,0.2768,16.024158333333332,8.576266844444444,1.6256305233333332,AVOID
341,Gnonto,13,Leeds,MID,5.0,0.1,d,25.0,521.0,32.0,0.0,1.4,0.4,0.0,0.0,3.0,1.0,0.0,134.0,27.5,129.3,61.0,85.2,4.0,Hamstring injury - 25% chance of playing,0.5,0.4583333333333333,38.0,1.213,0.2426,18.80708611111111,7.5822952592592605,1.600624933333333,AVOID
83,Valdimarsson,4,Brentford,GK,4.5,0.1,a,100.0,90.0,1.0,0.0,1.0,1.9,0.0,0.0,0.0,0.0,0.0,1.0,1.3,0.0,0.0,13.0,1.0,,0.5833333333333334,0.4583333333333333,69.0,0.793,0.17622222222222222,10.870791666666667,6.345407407407408,1.5686416388888889,AVOID
434,J.Fletcher,16,Man Utd,MID,5.0,0.0,a,100.0,107.0,3.0,0.0,1.0,1.5,0.0,0.0,0.0,0.0,0.0,10.0,4.8,24.4,5.0,18.6,0.0,,0.6666666666666666,0.5416666666666666,47.2,0.919,0.18380000000000002,12.454980555555556,6.349548533333335,1.5577891199999998,AVOID
205,Sosa,8,Crystal Palace,DEF,4.5,0.0,a,100.0,99.0,6.0,0.0,0.9,1.7,0.0,0.0,0.0,0.0,0.0,9.0,4.5,24.1,8.0,12.6,0.0,,0.4166666666666667,0.5,44.1,1.073,0.23844444444444443,13.556283333333335,7.125305555555556,1.5244813361111111,AVOID
76,Tóth.A,3,Bournemouth,MID,5.0,0.0,a,100.0,135.0,8.0,0.0,0.9,1.5,0.0,0.0,0.0,0.0,0.0,32.0,9.6,60.2,18.0,18.6,2.0,,0.3333333333333333,0.3333333333333333,60.3,1.034,0.2068,14.207733333333334,7.494832799999998,1.5072571799999999,AVOID
146,B.Badiashile,6,Chelsea,DEF,4.5,0.0,a,100.0,470.0,7.0,0.0,0.9,1.7,0.0,0.0,0.0,0.0,0.0,48.0,11.4,7.9,2.0,102.8,6.0,,0.4166666666666667,0.5,64.5,0.863,0.19177777777777777,11.845716666666666,6.643842592592593,1.5054066527777779,AVOID
550,Jocelin.T,20,Sunderland,MID,5.0,0.0,a,100.0,38.0,1.0,0.0,1.0,1.5,0.0,0.0,0.0,0.0,0.0,4.0,1.0,4.3,2.0,3.4,1.0,,0.6666666666666666,0.5,49.0,0.715,0.143,9.916322222222222,5.261173333333333,1.3703415,AVOID
477,Abbott,18,Nott'm Forest,DEF,4.0,0.2,a,100.0,165.0,3.0,0.0,1.0,1.0,0.0,0.0,0.0,0.0,0.0,3.0,3.2,6.4,0.0,25.4,2.0,,0.5,0.5,66.1,0.631,0.15775,9.249688888888889,5.2735868148148155,1.34645693125,AVOID
511,Souza,19,Spurs,DEF,4.0,0.3,a,100.0,142.0,3.0,0.0,0.8,1.0,0.0,0.0,0.0,0.0,0.0,0.0,6.2,31.9,17.0,12.8,2.0,,0.5833333333333334,0.5,61.7,0.59,0.1475,9.828327777777776,4.900015555555555,1.3243435625,AVOID
99,Milambo,4,Brentford,MID,5.0,0.0,d,75.0,45.0,1.0,0.0,1.0,1.1,0.0,0.0,0.0,0.0,0.0,5.0,0.6,1.8,0.0,4.0,1.0,Knee injury - 75% chance of playing,0.5833333333333334,0.4583333333333333,51.7,0.598,0.1196,8.526447222222222,4.668495733333333,1.2152886899999997,AVOID
375,Nyoni,14,Liverpool,MID,5.0,0.1,a,100.0,21.0,6.0,0.0,1.0,1.5,0.0,0.0,0.0,0.0,0.0,11.0,2.1,13.4,4.0,4.2,0.0,,0.5833333333333334,0.5416666666666666,14.1,0.895,0.179,11.060508333333331,5.0807757777777764,1.1713592166666666,AVOID
435,Lacey,16,Man Utd,MID,5.0,0.1,a,100.0,40.0,3.0,0.0,1.0,1.5,0.0,0.0,0.0,0.0,0.0,9.0,1.7,2.1,16.0,4.0,0.0,,0.6666666666666666,0.5416666666666666,21.4,0.74,0.148,10.014547222222221,4.586111407407408,1.1628024,AVOID
515,Maddison,19,Spurs,MID,6.5,1.6,a,100.0,34.0,3.0,0.0,1.0,2.3,0.0,0.0,0.0,0.0,0.0,5.0,2.8,9.5,15.0,2.8,0.0,,0.5833333333333334,0.5,19.1,0.881,0.13553846153846155,11.309861111111111,5.04368860968661,1.158340646794872,AVOID
272,Kusi-Asare,10,Fulham,FWD,4.5,7.2,a,100.0,49.0,6.0,0.0,0.9,1.0,0.0,0.0,0.0,0.0,0.0,19.0,2.3,12.0,8.0,3.2,0.0,,0.4166666666666667,0.4166666666666667,24.9,0.864,0.192,10.722500000000002,4.903600000000001,1.1005142,AVOID
52,Alysson,2,Aston Villa,MID,5.0,0.0,a,100.0,47.0,3.0,0.0,1.0,1.5,0.0,0.0,0.0,0.0,0.0,11.0,1.5,3.5,10.0,3.2,0.0,,0.5,0.5,24.1,0.729,0.14579999999999999,9.485055555555556,4.617506266666667,1.07965251,AVOID
216,Esse,8,Crystal Palace,MID,5.0,0.0,a,100.0,40.0,4.0,0.0,1.0,1.5,0.0,0.0,0.0,0.0,0.0,12.0,1.5,2.7,6.0,6.8,0.0,,0.4166666666666667,0.5,21.4,0.772,0.1544,9.59003888888889,4.7453845333333335,1.04854572,AVOID
438,Fletcher,16,Man Utd,MID,4.5,0.3,a,100.0,17.0,2.0,0.0,1.0,1.0,0.0,0.0,0.0,0.0,0.0,6.0,0.3,3.0,0.0,0.8,0.0,,0.6666666666666666,0.5416666666666666,12.5,0.5,0.1111111111111111,6.884569444444445,3.2431790123456787,0.9173888888888889,AVOID
437,Bendito Mantato,16,Man Utd,MID,4.5,0.2,a,100.0,15.0,1.0,0.0,1.0,1.0,0.0,0.0,0.0,0.0,0.0,3.0,1.4,11.7,0.0,2.2,0.0,,0.6666666666666666,0.5416666666666666,11.8,0.5,0.1111111111111111,7.02291388888889,3.2332246913580245,0.9126541666666668,AVOID
409,Mukasa,15,Man City,MID,4.5,0.1,a,100.0,25.0,2.0,0.0,1.0,1.0,0.0,0.0,0.0,0.0,0.0,5.0,3.7,28.3,4.0,4.2,0.0,,0.5833333333333334,0.5,15.6,0.503,0.11177777777777778,7.388183333333334,3.336440740740741,0.8921123777777779,AVOID
425,Fredricson,16,Man Utd,DEF,4.0,0.1,a,100.0,2.0,1.0,0.0,1.0,1.0,0.0,0.0,0.0,0.0,0.0,4.0,0.4,0.0,0.0,4.0,0.0,,0.6666666666666666,0.5416666666666666,6.8,0.5,0.125,6.7264027777777775,3.145859259259259,0.8850033333333335,AVOID
424,Amass,16,Man Utd,DEF,4.0,0.2,a,100.0,0.0,0.0,0.0,0.0,1.0,0.0,0.0,0.0,0.0,0.0,0.0,0.0,0.0,0.0,0.0,0.0,,0.6666666666666666,0.5416666666666666,6.0,0.5,0.125,6.690625000000001,3.1228888888888884,0.8784583333333335,AVOID
441,Obi,16,Man Utd,FWD,4.5,1.2,a,100.0,0.0,0.0,0.0,0.0,1.0,0.0,0.0,0.0,0.0,0.0,0.0,0.0,0.0,0.0,0.0,0.0,,0.6666666666666666,0.5416666666666666,6.0,0.5,0.1111111111111111,6.690625000000001,3.053259259259259,0.8643611111111111,AVOID
436,Collyer,16,Man Utd,MID,5.0,0.0,a,100.0,0.0,0.0,0.0,0.0,1.5,0.0,0.0,0.0,0.0,0.0,0.0,0.0,0.0,0.0,0.0,0.0,,0.6666666666666666,0.5416666666666666,6.0,0.5,0.1,6.690625000000001,3.102,0.86275,AVOID
541,Meunier,20,Sunderland,DEF,4.5,0.3,d,75.0,0.0,0.0,0.0,0.0,1.3,0.0,0.0,0.0,0.0,0.0,0.0,0.0,0.0,0.0,0.0,0.0,Knock - 75% chance of playing,0.6666666666666666,0.5,6.0,0.5,0.1111111111111111,6.654166666666668,3.100259259259259,0.8585611111111112,AVOID
524,Olusesi,19,Spurs,MID,4.5,0.8,a,100.0,14.0,1.0,0.0,1.0,1.0,0.0,0.0,0.0,0.0,0.0,3.0,0.2,1.8,0.0,0.6,0.0,,0.5833333333333334,0.5,11.4,0.5,0.1111111111111111,6.66935,3.1918814814814813,0.8565444444444447,AVOID
103,Dasilva,4,Brentford,MID,5.0,0.0,a,100.0,2.0,2.0,0.0,1.0,1.5,0.0,0.0,0.0,0.0,0.0,5.0,1.6,11.3,4.0,0.4,0.0,,0.5833333333333334,0.4583333333333333,6.8,0.554,0.11080000000000001,7.367669444444445,3.354420800000001,0.8475124799999999,AVOID
51,George Hemmings,2,Aston Villa,MID,4.5,0.4,a,100.0,25.0,2.0,0.0,1.0,1.0,0.0,0.0,0.0,0.0,0.0,5.0,0.3,1.7,2.0,0.0,0.0,,0.5,0.5,15.6,0.5,0.1111111111111111,6.690566666666666,3.3057629629629632,0.8474511111111112,AVOID
429,Rashford,16,Man Utd,MID,7.0,1.5,a,100.0,0.0,0.0,0.0,0.0,2.5,0.0,0.0,0.0,0.0,0.0,0.0,0.0,0.0,0.0,0.0,0.0,,0.6666666666666666,0.5416666666666666,6.4,0.503,0.07185714285714286,6.7295138888888895,3.009126666666667,0.8412726857142857,AVOID
361,Lucky,14,Liverpool,DEF,4.0,0.1,a,100.0,0.0,0.0,0.0,0.0,1.0,0.0,0.0,0.0,0.0,0.0,0.0,0.0,0.0,0.0,0.0,0.0,,0.5833333333333334,0.5416666666666666,6.0,0.5,0.125,6.555208333333334,3.1281111111111106,0.8412416666666668,AVOID
355,Davies,14,Liverpool,GK,4.0,0.1,a,100.0,0.0,0.0,0.0,0.0,1.0,0.0,0.0,0.0,0.0,0.0,0.0,0.0,0.0,0.0,0.0,0.0,,0.5833333333333334,0.5416666666666666,6.0,0.5,0.125,6.555208333333334,3.1281111111111106,0.8412416666666668,AVOID
353,Pecsi,14,Liverpool,GK,4.0,0.1,a,100.0,0.0,0.0,0.0,0.0,1.0,0.0,0.0,0.0,0.0,0.0,0.0,0.0,0.0,0.0,0.0,0.0,,0.5833333333333334,0.5416666666666666,6.0,0.5,0.125,6.555208333333334,3.1281111111111106,0.8412416666666668,AVOID
365,Ramsay,14,Liverpool,DEF,4.0,0.2,a,100.0,0.0,0.0,0.0,0.0,1.0,0.0,0.0,0.0,0.0,0.0,0.0,0.0,0.0,0.0,0.0,0.0,,0.5833333333333334,0.5416666666666666,6.0,0.5,0.125,6.555208333333334,3.1228888888888884,0.8407583333333335,AVOID
509,Byfield,19,Spurs,DEF,4.0,0.1,a,100.0,1.0,1.0,0.0,1.0,1.0,0.0,0.0,0.0,0.0,0.0,3.0,0.1,0.5,0.0,0.4,0.0,,0.5833333333333334,0.5,6.4,0.5,0.125,6.53813888888889,3.136985185185185,0.8339575000000001,AVOID
510,Rowswell,19,Spurs,DEF,4.0,0.1,a,100.0,1.0,1.0,0.0,1.0,1.0,0.0,0.0,0.0,0.0,0.0,3.0,0.0,0.0,0.0,0.0,0.0,,0.5833333333333334,0.5,6.4,0.5,0.125,6.527638888888889,3.136985185185185,0.8339575000000001,AVOID
528,Scarlett,19,Spurs,FWD,4.5,1.6,a,100.0,7.0,2.0,0.0,1.0,1.0,0.0,0.0,0.0,0.0,0.0,5.0,0.7,4.1,2.0,1.0,0.0,,0.5833333333333334,0.5,8.7,0.5,0.1111111111111111,6.71945,3.0904370370370366,0.8335377777777779,AVOID
378,McConnell,14,Liverpool,MID,4.5,0.2,a,100.0,0.0,0.0,0.0,0.0,1.0,0.0,0.0,0.0,0.0,0.0,0.0,0.0,0.0,0.0,0.0,0.0,,0.5833333333333334,0.5416666666666666,6.0,0.5,0.1111111111111111,6.555208333333334,3.105481481481481,0.8314944444444445,AVOID
495,Austin,19,Spurs,GK,4.0,0.7,a,100.0,0.0,0.0,0.0,0.0,1.0,0.0,0.0,0.0,0.0,0.0,0.0,0.0,0.0,0.0,0.0,0.0,,0.5833333333333334,0.5,6.0,0.5,0.125,6.518750000000001,3.096777777777777,0.8281916666666667,AVOID
381,Koumas,14,Liverpool,MID,5.0,0.0,a,100.0,0.0,0.0,0.0,0.0,1.5,0.0,0.0,0.0,0.0,0.0,0.0,0.0,0.0,0.0,0.0,0.0,,0.5833333333333334,0.5416666666666666,6.0,0.5,0.1,6.555208333333334,3.102,0.8250500000000001,AVOID
364,Tsimikas,14,Liverpool,DEF,5.0,0.1,a,100.0,0.0,0.0,0.0,0.0,2.2,0.0,0.0,0.0,0.0,0.0,0.0,0.0,0.0,0.0,0.0,0.0,,0.5833333333333334,0.5416666666666666,6.0,0.5,0.1,6.555208333333334,3.096777777777777,0.8245666666666668,AVOID
50,Burrowes,2,Aston Villa,MID,4.5,0.7,a,100.0,16.0,1.0,0.0,1.0,1.0,0.0,0.0,0.0,0.0,0.0,3.0,0.0,0.3,0.0,0.0,0.0,,0.5,0.5,12.2,0.5,0.1111111111111111,6.5247111111111105,3.214775308641975,0.8229830555555556,AVOID
396,Vitor Reis,15,Man City,DEF,4.5,0.0,a,100.0,0.0,0.0,0.0,0.0,1.7,0.0,0.0,0.0,0.0,0.0,0.0,0.0,0.0,0.0,0.0,0.0,,0.5833333333333334,0.5,6.0,0.5,0.1111111111111111,6.518750000000001,3.1159259259259255,0.8223111111111112,AVOID
386,Bettinelli,15,Man City,GK,4.5,0.0,a,100.0,0.0,0.0,0.0,0.0,1.9,0.0,0.0,0.0,0.0,0.0,0.0,0.0,0.0,0.0,0.0,0.0,,0.5833333333333334,0.5,6.0,0.5,0.1111111111111111,6.518750000000001,3.1159259259259255,0.8223111111111112,AVOID
507,Phillips,19,Spurs,DEF,4.5,0.1,a,100.0,0.0,0.0,0.0,0.0,1.7,0.0,0.0,0.0,0.0,0.0,0.0,0.0,0.0,0.0,0.0,0.0,,0.5833333333333334,0.5,6.0,0.5,0.1111111111111111,6.518750000000001,3.1107037037037033,0.8218277777777779,AVOID
587,Rulli,15,Man City,GK,5.0,0.0,a,100.0,0.0,0.0,0.0,0.0,2.6,0.0,0.0,0.0,0.0,0.0,0.0,0.0,0.0,0.0,0.0,0.0,,0.5833333333333334,0.5,6.6,0.5,0.1,6.5320833333333335,3.1151999999999997,0.819115,AVOID
579,Araujo,14,Liverpool,DEF,5.5,1.4,a,100.0,0.0,0.0,0.0,0.0,2.5,0.0,0.0,0.0,0.0,0.0,0.0,0.0,0.0,0.0,0.0,0.0,,0.5833333333333334,0.5416666666666666,6.4,0.5,0.09090909090909091,6.564097222222222,3.026055218855219,0.8150204545454547,AVOID
362,Jacquet,14,Liverpool,DEF,5.0,2.1,a,100.0,0.0,0.0,0.0,0.0,2.2,0.0,0.0,0.0,0.0,0.0,0.0,0.0,0.0,0.0,0.0,0.0,,0.5833333333333334,0.5416666666666666,6.0,0.5,0.1,6.555208333333334,2.9923333333333333,0.8149000000000001,AVOID
410,Monga,15,Man City,MID,5.0,0.0,a,100.0,0.0,0.0,0.0,0.0,1.5,0.0,0.0,0.0,0.0,0.0,0.0,0.0,0.0,0.0,0.0,0.0,,0.5833333333333334,0.5,6.0,0.5,0.1,6.518750000000001,3.102,0.8149,AVOID
408,Phillips,15,Man City,MID,5.0,0.0,a,100.0,0.0,0.0,0.0,0.0,1.5,0.0,0.0,0.0,0.0,0.0,0.0,0.0,0.0,0.0,0.0,0.0,,0.5833333333333334,0.5,6.0,0.5,0.1,6.518750000000001,3.102,0.8149,AVOID
407,Echeverri,15,Man City,MID,5.0,0.0,a,100.0,0.0,0.0,0.0,0.0,1.5,0.0,0.0,0.0,0.0,0.0,0.0,0.0,0.0,0.0,0.0,0.0,,0.5833333333333334,0.5,6.0,0.5,0.1,6.518750000000001,3.102,0.8149,AVOID
523,Moore,19,Spurs,MID,5.0,0.2,a,100.0,0.0,0.0,0.0,0.0,1.5,0.0,0.0,0.0,0.0,0.0,0.0,0.0,0.0,0.0,0.0,0.0,,0.5833333333333334,0.5,6.0,0.5,0.1,6.518750000000001,3.0915555555555554,0.8139333333333334,AVOID
92,Ji-soo,4,Brentford,DEF,4.5,0.0,a,100.0,0.0,0.0,0.0,0.0,1.7,0.0,0.0,0.0,0.0,0.0,0.0,0.0,0.0,0.0,0.0,0.0,,0.5833333333333334,0.4583333333333333,6.0,0.5,0.1111111111111111,6.482291666666667,3.1159259259259255,0.8121611111111112,AVOID
93,Schuster,4,Brentford,DEF,4.5,0.2,a,100.0,0.0,0.0,0.0,0.0,1.7,0.0,0.0,0.0,0.0,0.0,0.0,0.0,0.0,0.0,0.0,0.0,,0.5833333333333334,0.4583333333333333,6.0,0.5,0.1111111111111111,6.482291666666667,3.105481481481481,0.8111944444444447,AVOID
107,Furo,4,Brentford,FWD,4.5,0.8,a,100.0,1.0,1.0,0.0,1.0,1.0,0.0,0.0,0.0,0.0,0.0,2.0,0.0,0.0,0.0,0.0,0.0,,0.5833333333333334,0.4583333333333333,6.4,0.5,0.1111111111111111,6.491180555555555,3.0828691358024694,0.8110816666666668,AVOID
163,D.Essugo,6,Chelsea,MID,4.5,0.2,a,100.0,26.0,1.0,0.0,0.3,1.0,0.0,0.0,0.0,0.0,0.0,7.0,1.6,2.1,2.0,11.4,0.0,,0.4166666666666667,0.5,16.0,0.5,0.1111111111111111,6.627338888888889,3.3257283950617285,0.81025,AVOID
377,Munoz,14,Liverpool,MID,6.5,0.7,a,100.0,0.0,0.0,0.0,0.0,2.3,0.0,0.0,0.0,0.0,0.0,0.0,0.0,0.0,0.0,0.0,0.0,,0.5833333333333334,0.5416666666666666,6.0,0.5,0.07692307692307693,6.555208333333334,3.036521367521367,0.806274358974359,AVOID
108,Wilson,4,Brentford,FWD,5.5,0.4,a,100.0,0.0,0.0,0.0,0.0,1.8,0.0,0.0,0.0,0.0,0.0,0.0,0.0,0.0,0.0,0.0,0.0,,0.5833333333333334,0.4583333333333333,6.0,0.5,0.09090909090909091,6.482291666666667,3.0697171717171714,0.7967530303030305,AVOID
479,Bindon,18,Nott'm Forest,DEF,4.0,0.2,a,100.0,0.0,0.0,0.0,0.0,1.0,0.0,0.0,0.0,0.0,0.0,0.0,0.0,0.0,0.0,0.0,0.0,,0.5,0.5,6.0,0.5,0.125,6.383333333333334,3.1228888888888884,0.7929083333333334,AVOID
476,O.Richards,18,Nott'm Forest,DEF,4.0,0.2,a,100.0,0.0,0.0,0.0,0.0,1.0,0.0,0.0,0.0,0.0,0.0,0.0,0.0,0.0,0.0,0.0,0.0,,0.5,0.5,6.0,0.5,0.125,6.383333333333334,3.1228888888888884,0.7929083333333334,AVOID
105,Anthony,4,Brentford,MID,6.0,0.2,a,100.0,0.0,0.0,0.0,0.0,2.1,0.0,0.0,0.0,0.0,0.0,0.0,0.0,0.0,0.0,0.0,0.0,,0.5833333333333334,0.4583333333333333,6.0,0.5,0.08333333333333333,6.482291666666667,3.0706666666666664,0.7926666666666667,AVOID
39,Nedeljkovic,2,Aston Villa,DEF,4.0,0.8,a,100.0,0.0,0.0,0.0,0.0,1.0,0.0,0.0,0.0,0.0,0.0,0.0,0.0,0.0,0.0,0.0,0.0,,0.5,0.5,6.0,0.5,0.125,6.383333333333334,3.0915555555555554,0.7900083333333334,AVOID
565,Sangaré,4,Brentford,MID,5.5,1.9,a,100.0,0.0,0.0,0.0,0.0,2.0,0.0,0.0,0.0,0.0,0.0,0.0,0.0,0.0,0.0,0.0,0.0,,0.5833333333333334,0.4583333333333333,6.0,0.5,0.09090909090909091,6.482291666666667,2.991383838383838,0.7895030303030305,AVOID
134,Oriola,5,Brighton,MID,4.5,0.2,a,100.0,1.0,1.0,0.0,1.0,1.0,0.0,0.0,0.0,0.0,0.0,3.0,0.0,0.0,0.0,0.0,0.0,,0.5,0.5,6.4,0.5,0.1111111111111111,6.392222222222222,3.114291358024692,0.7863466666666667,AVOID
466,Neave,17,Newcastle,FWD,4.5,0.7,a,100.0,13.0,1.0,0.0,1.0,1.0,0.0,0.0,0.0,0.0,0.0,2.0,0.5,0.0,5.0,0.0,0.0,,0.4166666666666667,0.5416666666666666,11.0,0.5,0.1111111111111111,6.567986111111112,3.188567901234568,0.7861638888888889,AVOID
590,Benda,18,Nott'm Forest,GK,4.5,0.0,a,100.0,0.0,0.0,0.0,0.0,1.9,0.0,0.0,0.0,0.0,0.0,0.0,0.0,0.0,0.0,0.0,0.0,,0.5,0.5,6.0,0.5,0.1111111111111111,6.383333333333334,3.1159259259259255,0.7846111111111111,AVOID
119,Costinha,5,Brighton,DEF,4.5,0.0,a,100.0,0.0,0.0,0.0,0.0,1.7,0.0,0.0,0.0,0.0,0.0,0.0,0.0,0.0,0.0,0.0,0.0,,0.5,0.5,6.0,0.5,0.1111111111111111,6.383333333333334,3.1159259259259255,0.7846111111111111,AVOID
283,Jacob,11,Hull City,DEF,4.0,0.0,d,75.0,0.0,0.0,0.0,0.0,0.8,0.0,0.0,0.0,0.0,0.0,0.0,0.0,0.0,0.0,0.0,0.0,Hip injury - 75% chance of playing,0.5,0.4583333333333333,6.0,0.5,0.125,6.346875000000001,3.133333333333333,0.783725,AVOID
285,McNair,11,Hull City,DEF,4.0,0.1,a,100.0,0.0,0.0,0.0,0.0,1.0,0.0,0.0,0.0,0.0,0.0,0.0,0.0,0.0,0.0,0.0,0.0,,0.5,0.4583333333333333,6.0,0.5,0.125,6.346875000000001,3.1281111111111106,0.7832416666666667,AVOID
284,McCarthy,11,Hull City,DEF,4.0,0.1,a,100.0,0.0,0.0,0.0,0.0,1.0,0.0,0.0,0.0,0.0,0.0,0.0,0.0,0.0,0.0,0.0,0.0,,0.5,0.4583333333333333,6.0,0.5,0.125,6.346875000000001,3.1281111111111106,0.7832416666666667,AVOID
585,Herrington,11,Hull City,DEF,4.0,0.4,a,100.0,0.0,0.0,0.0,0.0,1.0,0.0,0.0,0.0,0.0,0.0,0.0,0.0,0.0,0.0,0.0,0.0,,0.5,0.4583333333333333,6.0,0.5,0.125,6.346875000000001,3.1124444444444443,0.7817916666666668,AVOID
586,Mendy,11,Hull City,DEF,4.0,0.5,a,100.0,0.0,0.0,0.0,0.0,1.0,0.0,0.0,0.0,0.0,0.0,0.0,0.0,0.0,0.0,0.0,0.0,,0.5,0.4583333333333333,6.0,0.5,0.125,6.346875000000001,3.1072222222222217,0.7813083333333334,AVOID
280,Coyle,11,Hull City,DEF,4.0,0.6,a,100.0,0.0,0.0,0.0,0.0,1.0,0.0,0.0,0.0,0.0,0.0,0.0,0.0,0.0,0.0,0.0,0.0,,0.5,0.4583333333333333,6.0,0.5,0.125,6.346875000000001,3.102,0.7808250000000001,AVOID
282,Giles,11,Hull City,DEF,4.0,0.8,a,100.0,0.0,0.0,0.0,0.0,1.0,0.0,0.0,0.0,0.0,0.0,0.0,0.0,0.0,0.0,0.0,0.0,,0.5,0.4583333333333333,6.0,0.5,0.125,6.346875000000001,3.0915555555555554,0.7798583333333334,AVOID
279,Ajayi,11,Hull City,DEF,4.0,0.9,a,100.0,0.0,0.0,0.0,0.0,1.0,0.0,0.0,0.0,0.0,0.0,0.0,0.0,0.0,0.0,0.0,0.0,,0.5,0.4583333333333333,6.0,0.5,0.125,6.346875000000001,3.0863333333333327,0.7793750000000002,AVOID
120,Svoboda,5,Brighton,DEF,5.0,0.0,a,100.0,0.0,0.0,0.0,0.0,2.2,0.0,0.0,0.0,0.0,0.0,0.0,0.0,0.0,0.0,0.0,0.0,,0.5,0.5,6.0,0.5,0.1,6.383333333333334,3.102,0.7772,AVOID
135,Yohanna,5,Brighton,MID,5.0,0.1,a,100.0,0.0,0.0,0.0,0.0,1.5,0.0,0.0,0.0,0.0,0.0,0.0,0.0,0.0,0.0,0.0,0.0,,0.5,0.5,6.0,0.5,0.1,6.383333333333334,3.096777777777777,0.7767166666666667,AVOID
558,Schlager,18,Nott'm Forest,MID,5.0,0.1,a,100.0,0.0,0.0,0.0,0.0,1.5,0.0,0.0,0.0,0.0,0.0,0.0,0.0,0.0,0.0,0.0,0.0,,0.5,0.5,6.0,0.5,0.1,6.383333333333334,3.096777777777777,0.7767166666666667,AVOID
273,Phillips,11,Hull City,GK,4.0,1.8,a,100.0,0.0,0.0,0.0,0.0,1.0,0.0,0.0,0.0,0.0,0.0,0.0,0.0,0.0,0.0,0.0,0.0,,0.5,0.4583333333333333,6.0,0.5,0.125,6.346875000000001,3.0393333333333326,0.7750250000000001,AVOID
277,Egan,11,Hull City,DEF,4.0,1.9,a,100.0,0.0,0.0,0.0,0.0,1.0,0.0,0.0,0.0,0.0,0.0,0.0,0.0,0.0,0.0,0.0,0.0,,0.5,0.4583333333333333,6.0,0.5,0.125,6.346875000000001,3.0341111111111108,0.7745416666666668,AVOID
111,Steele,5,Brighton,GK,4.0,4.4,a,100.0,0.0,0.0,0.0,0.0,1.0,0.0,0.0,0.0,0.0,0.0,0.0,0.0,0.0,0.0,0.0,0.0,,0.5,0.5,6.0,0.5,0.125,6.383333333333334,2.903555555555555,0.7726083333333335,AVOID
572,Tzolakis,11,Hull City,GK,4.5,0.4,a,100.0,0.0,0.0,0.0,0.0,1.9,0.0,0.0,0.0,0.0,0.0,0.0,0.0,0.0,0.0,0.0,0.0,,0.5,0.4583333333333333,6.0,0.5,0.1111111111111111,6.346875000000001,3.095037037037037,0.7725277777777779,AVOID
288,Dowell,11,Hull City,MID,4.5,0.4,a,100.0,0.0,0.0,0.0,0.0,1.0,0.0,0.0,0.0,0.0,0.0,0.0,0.0,0.0,0.0,0.0,0.0,,0.5,0.4583333333333333,6.0,0.5,0.1111111111111111,6.346875000000001,3.095037037037037,0.7725277777777779,AVOID
289,Crooks,11,Hull City,MID,4.5,0.6,a,100.0,0.0,0.0,0.0,0.0,1.0,0.0,0.0,0.0,0.0,0.0,0.0,0.0,0.0,0.0,0.0,0.0,,0.5,0.4583333333333333,6.0,0.5,0.1111111111111111,6.346875000000001,3.0845925925925926,0.7715611111111113,AVOID
581,Diomande,18,Nott'm Forest,DEF,5.5,0.5,a,100.0,0.0,0.0,0.0,0.0,2.5,0.0,0.0,0.0,0.0,0.0,0.0,0.0,0.0,0.0,0.0,0.0,,0.5,0.5,6.4,0.5,0.09090909090909091,6.392222222222222,3.0731885521885522,0.7713704545454545,AVOID
556,Targett,11,Hull City,DEF,4.0,2.8,a,100.0,0.0,0.0,0.0,0.0,1.0,0.0,0.0,0.0,0.0,0.0,0.0,0.0,0.0,0.0,0.0,0.0,,0.5,0.4583333333333333,6.0,0.5,0.125,6.346875000000001,2.9871111111111106,0.7701916666666667,AVOID
292,Ömür,11,Hull City,MID,5.0,0.0,a,100.0,0.0,0.0,0.0,0.0,1.5,0.0,0.0,0.0,0.0,0.0,0.0,0.0,0.0,0.0,0.0,0.0,,0.5,0.4583333333333333,6.0,0.5,0.1,6.346875000000001,3.102,0.76705,AVOID
296,Akintola,11,Hull City,MID,5.0,0.0,a,100.0,0.0,0.0,0.0,0.0,1.5,0.0,0.0,0.0,0.0,0.0,0.0,0.0,0.0,0.0,0.0,0.0,,0.5,0.4583333333333333,6.0,0.5,0.1,6.346875000000001,3.102,0.76705,AVOID
589,Gourna-Douath,11,Hull City,MID,5.0,0.0,a,100.0,0.0,0.0,0.0,0.0,1.5,0.0,0.0,0.0,0.0,0.0,0.0,0.0,0.0,0.0,0.0,0.0,,0.5,0.4583333333333333,6.0,0.5,0.1,6.346875000000001,3.102,0.76705,AVOID
574,Hjertø-Dahl,11,Hull City,MID,5.0,0.1,a,100.0,0.0,0.0,0.0,0.0,1.5,0.0,0.0,0.0,0.0,0.0,0.0,0.0,0.0,0.0,0.0,0.0,,0.5,0.4583333333333333,6.0,0.5,0.1,6.346875000000001,3.096777777777777,0.7665666666666667,AVOID
576,Stroud,11,Hull City,MID,5.0,0.1,a,100.0,0.0,0.0,0.0,0.0,1.5,0.0,0.0,0.0,0.0,0.0,0.0,0.0,0.0,0.0,0.0,0.0,,0.5,0.4583333333333333,6.0,0.5,0.1,6.346875000000001,3.096777777777777,0.7665666666666667,AVOID
287,Millar,11,Hull City,MID,5.0,0.1,a,100.0,0.0,0.0,0.0,0.0,1.5,0.0,0.0,0.0,0.0,0.0,0.0,0.0,0.0,0.0,0.0,0.0,,0.5,0.4583333333333333,6.0,0.5,0.1,6.346875000000001,3.096777777777777,0.7665666666666667,AVOID
235,Aznou,9,Everton,DEF,4.0,0.2,a,100.0,0.0,0.0,0.0,0.0,1.0,0.0,0.0,0.0,0.0,0.0,0.0,0.0,0.0,0.0,0.0,0.0,,0.4166666666666667,0.5416666666666666,6.0,0.5,0.125,6.284375000000001,3.1228888888888884,0.7653583333333335,AVOID
286,Belloumi,11,Hull City,MID,5.0,0.5,a,100.0,0.0,0.0,0.0,0.0,1.5,0.0,0.0,0.0,0.0,0.0,0.0,0.0,0.0,0.0,0.0,0.0,,0.5,0.4583333333333333,6.0,0.5,0.1,6.346875000000001,3.0758888888888887,0.7646333333333333,AVOID
504,Vuskovic,5,Brighton,DEF,5.0,2.7,a,100.0,0.0,0.0,0.0,0.0,2.2,0.0,0.0,0.0,0.0,0.0,0.0,0.0,0.0,0.0,0.0,0.0,,0.5,0.5,6.0,0.5,0.1,6.383333333333334,2.9609999999999994,0.76415,AVOID
221,Drakes-Thomas,8,Crystal Palace,MID,4.5,0.1,a,100.0,7.0,2.0,0.0,1.0,1.0,0.0,0.0,0.0,0.0,0.0,6.0,0.3,1.0,0.0,1.4,0.0,,0.4166666666666667,0.5,8.7,0.5,0.1111111111111111,6.3334166666666665,3.17027037037037,0.7638015277777778,AVOID
290,Slater,11,Hull City,MID,4.5,2.4,a,100.0,0.0,0.0,0.0,0.0,1.0,0.0,0.0,0.0,0.0,0.0,0.0,0.0,0.0,0.0,0.0,0.0,,0.5,0.4583333333333333,6.0,0.5,0.1111111111111111,6.346875000000001,2.9905925925925922,0.7628611111111112,AVOID
563,Morita,11,Hull City,MID,5.0,0.1,d,50.0,0.0,0.0,0.0,0.0,0.7,0.0,0.0,0.0,0.0,0.0,0.0,0.0,0.0,0.0,0.0,0.0,Calf injury - 50% chance of playing,0.5,0.4583333333333333,4.7,0.5,0.1,6.317986111111112,3.0682259259259252,0.7579758333333333,AVOID
444,Jaouen,17,Newcastle,GK,4.5,0.0,a,100.0,0.0,0.0,0.0,0.0,1.9,0.0,0.0,0.0,0.0,0.0,0.0,0.0,0.0,0.0,0.0,0.0,,0.4166666666666667,0.5416666666666666,6.0,0.5,0.1111111111111111,6.284375000000001,3.1159259259259255,0.7570611111111111,AVOID
443,Gillespie,17,Newcastle,GK,4.5,0.0,a,100.0,0.0,0.0,0.0,0.0,1.9,0.0,0.0,0.0,0.0,0.0,0.0,0.0,0.0,0.0,0.0,0.0,,0.4166666666666667,0.5416666666666666,6.0,0.5,0.1111111111111111,6.284375000000001,3.1159259259259255,0.7570611111111111,AVOID
228,King,9,Everton,GK,4.5,0.0,a,100.0,0.0,0.0,0.0,0.0,1.9,0.0,0.0,0.0,0.0,0.0,0.0,0.0,0.0,0.0,0.0,0.0,,0.4166666666666667,0.5416666666666666,6.0,0.5,0.1111111111111111,6.284375000000001,3.1159259259259255,0.7570611111111111,AVOID
307,Johnson,12,Ipswich Town,DEF,4.0,0.1,a,100.0,0.0,0.0,0.0,0.0,1.0,0.0,0.0,0.0,0.0,0.0,0.0,0.0,0.0,0.0,0.0,0.0,,0.4166666666666667,0.5,6.0,0.5,0.125,6.247916666666668,3.1281111111111106,0.7556916666666668,AVOID
334,Muharemović,13,Leeds,DEF,5.0,2.4,a,100.0,0.0,0.0,0.0,0.0,2.2,0.0,0.0,0.0,0.0,0.0,0.0,0.0,0.0,0.0,0.0,0.0,,0.5,0.4583333333333333,6.0,0.5,0.1,6.346875000000001,2.976666666666666,0.75545,AVOID
295,McBurnie,11,Hull City,FWD,5.5,1.4,a,100.0,0.0,0.0,0.0,0.0,1.8,0.0,0.0,0.0,0.0,0.0,0.0,0.0,0.0,0.0,0.0,0.0,,0.5,0.4583333333333333,6.0,0.5,0.09090909090909091,6.346875000000001,3.0174949494949495,0.7542196969696972,AVOID
302,Button,12,Ipswich Town,GK,4.0,0.5,a,100.0,0.0,0.0,0.0,0.0,1.0,0.0,0.0,0.0,0.0,0.0,0.0,0.0,0.0,0.0,0.0,0.0,,0.4166666666666667,0.5,6.0,0.5,0.125,6.247916666666668,3.1072222222222217,0.7537583333333334,AVOID
227,Travers,9,Everton,GK,5.0,0.0,a,100.0,0.0,0.0,0.0,0.0,2.6,0.0,0.0,0.0,0.0,0.0,0.0,0.0,0.0,0.0,0.0,0.0,,0.4166666666666667,0.5416666666666666,6.6,0.5,0.1,6.2977083333333335,3.1151999999999997,0.7535275000000001,AVOID
308,Furlong,12,Ipswich Town,DEF,4.0,0.6,a,100.0,0.0,0.0,0.0,0.0,1.0,0.0,0.0,0.0,0.0,0.0,0.0,0.0,0.0,0.0,0.0,0.0,,0.4166666666666667,0.5,6.0,0.5,0.125,6.247916666666668,3.102,0.7532750000000001,AVOID
303,Kipré,12,Ipswich Town,DEF,4.0,0.6,a,100.0,0.0,0.0,0.0,0.0,1.0,0.0,0.0,0.0,0.0,0.0,0.0,0.0,0.0,0.0,0.0,0.0,,0.4166666666666667,0.5,6.0,0.5,0.125,6.247916666666668,3.102,0.7532750000000001,AVOID
66,Soler,3,Bournemouth,DEF,4.0,0.4,d,75.0,34.0,3.0,0.0,1.0,0.8,0.0,0.0,0.0,0.0,0.0,2.0,0.6,2.5,2.0,1.8,0.0,Hamstring injury - 75% chance of playing,0.3333333333333333,0.3333333333333333,19.1,0.5,0.125,6.374777777777777,3.4016148148148146,0.7522764583333333,AVOID
306,Greaves,12,Ipswich Town,DEF,4.0,0.9,a,100.0,0.0,0.0,0.0,0.0,1.0,0.0,0.0,0.0,0.0,0.0,0.0,0.0,0.0,0.0,0.0,0.0,,0.4166666666666667,0.5,6.0,0.5,0.125,6.247916666666668,3.0863333333333327,0.7518250000000002,AVOID
567,Horníček,17,Newcastle,GK,5.0,0.6,a,100.0,0.0,0.0,0.0,0.0,2.6,0.0,0.0,0.0,0.0,0.0,0.0,0.0,0.0,0.0,0.0,0.0,,0.4166666666666667,0.5416666666666666,6.6,0.5,0.1,6.2977083333333335,3.0837333333333334,0.7506125000000001,AVOID
462,Steur,17,Newcastle,MID,5.0,0.1,a,100.0,0.0,0.0,0.0,0.0,1.5,0.0,0.0,0.0,0.0,0.0,0.0,0.0,0.0,0.0,0.0,0.0,,0.4166666666666667,0.5416666666666666,6.0,0.5,0.1,6.284375000000001,3.096777777777777,0.7491666666666668,AVOID
559,Bamba,17,Newcastle,MID,5.0,0.1,a,100.0,0.0,0.0,0.0,0.0,1.5,0.0,0.0,0.0,0.0,0.0,0.0,0.0,0.0,0.0,0.0,0.0,,0.4166666666666667,0.5416666666666666,6.0,0.5,0.1,6.284375000000001,3.096777777777777,0.7491666666666668,AVOID
169,Mheuka,6,Chelsea,FWD,4.5,0.3,a,100.0,1.0,1.0,0.0,1.0,1.0,0.0,0.0,0.0,0.0,0.0,3.0,0.2,0.3,0.0,2.0,0.0,,0.4166666666666667,0.5,6.4,0.5,0.1111111111111111,6.269405555555555,3.109054320987654,0.7480316666666668,AVOID
555,Matthews,8,Crystal Palace,GK,4.0,1.7,a,100.0,0.0,0.0,0.0,0.0,1.0,0.0,0.0,0.0,0.0,0.0,0.0,0.0,0.0,0.0,0.0,0.0,,0.4166666666666667,0.5,6.0,0.5,0.125,6.247916666666668,3.0445555555555552,0.7479583333333334,AVOID
561,Anselmino,6,Chelsea,DEF,4.5,0.0,a,100.0,0.0,0.0,0.0,0.0,1.7,0.0,0.0,0.0,0.0,0.0,0.0,0.0,0.0,0.0,0.0,0.0,,0.4166666666666667,0.5,6.0,0.5,0.1111111111111111,6.247916666666668,3.1159259259259255,0.7469111111111112,AVOID
207,Mingueza,8,Crystal Palace,DEF,4.5,0.1,a,100.0,0.0,0.0,0.0,0.0,1.7,0.0,0.0,0.0,0.0,0.0,0.0,0.0,0.0,0.0,0.0,0.0,,0.4166666666666667,0.5,6.0,0.5,0.1111111111111111,6.247916666666668,3.1107037037037033,0.7464277777777779,AVOID
560,Penders,6,Chelsea,GK,4.5,0.1,a,100.0,0.0,0.0,0.0,0.0,1.9,0.0,0.0,0.0,0.0,0.0,0.0,0.0,0.0,0.0,0.0,0.0,,0.4166666666666667,0.5,6.0,0.5,0.1111111111111111,6.247916666666668,3.1107037037037033,0.7464277777777779,AVOID
153,Disasi,6,Chelsea,DEF,4.5,0.1,a,100.0,0.0,0.0,0.0,0.0,1.7,0.0,0.0,0.0,0.0,0.0,0.0,0.0,0.0,0.0,0.0,0.0,,0.4166666666666667,0.5,6.0,0.5,0.1111111111111111,6.247916666666668,3.1107037037037033,0.7464277777777779,AVOID
554,Van Oevelen,12,Ipswich Town,GK,4.5,0.1,a,100.0,0.0,0.0,0.0,0.0,1.9,0.0,0.0,0.0,0.0,0.0,0.0,0.0,0.0,0.0,0.0,0.0,,0.4166666666666667,0.5,6.0,0.5,0.1111111111111111,6.247916666666668,3.1107037037037033,0.7464277777777779,AVOID
577,Tomiyasu,8,Crystal Palace,DEF,4.5,0.2,a,100.0,0.0,0.0,0.0,0.0,1.7,0.0,0.0,0.0,0.0,0.0,0.0,0.0,0.0,0.0,0.0,0.0,,0.4166666666666667,0.5,6.0,0.5,0.1111111111111111,6.247916666666668,3.105481481481481,0.7459444444444446,AVOID
564,Scherpen,12,Ipswich Town,GK,4.5,0.5,a,100.0,0.0,0.0,0.0,0.0,1.9,0.0,0.0,0.0,0.0,0.0,0.0,0.0,0.0,0.0,0.0,0.0,,0.4166666666666667,0.5,6.0,0.5,0.1111111111111111,6.247916666666668,3.0898148148148143,0.7444944444444445,AVOID
300,Walton,12,Ipswich Town,GK,4.5,0.6,a,100.0,0.0,0.0,0.0,0.0,1.9,0.0,0.0,0.0,0.0,0.0,0.0,0.0,0.0,0.0,0.0,0.0,,0.4166666666666667,0.5,6.0,0.5,0.1111111111111111,6.247916666666668,3.0845925925925926,0.7440111111111112,AVOID
3,Meslier,1,Arsenal,GK,5.0,0.0,a,100.0,0.0,0.0,0.0,0.0,2.6,0.0,11.0,0.0,0.0,0.0,11.0,0.0,0.0,0.0,0.0,0.0,,0.4166666666666667,0.5,6.6,0.5,0.1,6.26125,3.1151999999999997,0.743325,AVOID
247,Hackney,9,Everton,MID,5.5,0.3,a,100.0,0.0,0.0,0.0,0.0,2.0,0.0,0.0,0.0,0.0,0.0,0.0,0.0,0.0,0.0,0.0,0.0,,0.4166666666666667,0.5416666666666666,6.0,0.5,0.09090909090909091,6.284375000000001,3.074939393939393,0.7421363636363636,AVOID
304,O'Shea,12,Ipswich Town,DEF,4.0,3.0,a,100.0,0.0,0.0,0.0,0.0,1.0,0.0,0.0,0.0,0.0,0.0,0.0,0.0,0.0,0.0,0.0,0.0,,0.4166666666666667,0.5,6.0,0.5,0.125,6.247916666666668,2.976666666666666,0.7416750000000001,AVOID
323,McAteer,12,Ipswich Town,MID,4.5,1.4,a,100.0,0.0,0.0,0.0,0.0,1.0,0.0,0.0,0.0,0.0,0.0,0.0,0.0,0.0,0.0,0.0,0.0,,0.4166666666666667,0.5,6.0,0.5,0.1111111111111111,6.247916666666668,3.0428148148148146,0.7401444444444446,AVOID
588,Khalaili,8,Crystal Palace,DEF,5.0,0.0,a,100.0,0.0,0.0,0.0,0.0,2.2,0.0,0.0,0.0,0.0,0.0,0.0,0.0,0.0,0.0,0.0,0.0,,0.4166666666666667,0.5,6.0,0.5,0.1,6.247916666666668,3.102,0.7395,AVOID
217,M.França,8,Crystal Palace,MID,5.0,0.0,a,100.0,0.0,0.0,0.0,0.0,1.5,0.0,0.0,0.0,0.0,0.0,0.0,0.0,0.0,0.0,0.0,0.0,,0.4166666666666667,0.5,6.0,0.5,0.1,6.247916666666668,3.102,0.7395,AVOID
219,J.Rak-Sakyi,8,Crystal Palace,MID,5.0,0.0,a,100.0,0.0,0.0,0.0,0.0,1.5,0.0,0.0,0.0,0.0,0.0,0.0,0.0,0.0,0.0,0.0,0.0,,0.4166666666666667,0.5,6.0,0.5,0.1,6.247916666666668,3.102,0.7395,AVOID
314,Ogbene,12,Ipswich Town,MID,5.0,0.0,a,100.0,0.0,0.0,0.0,0.0,1.5,0.0,0.0,0.0,0.0,0.0,0.0,0.0,0.0,0.0,0.0,0.0,,0.4166666666666667,0.5,6.0,0.5,0.1,6.247916666666668,3.102,0.7395,AVOID
583,Chavarria,6,Chelsea,DEF,5.0,0.1,a,100.0,0.0,0.0,0.0,0.0,2.2,0.0,0.0,0.0,0.0,0.0,0.0,0.0,0.0,0.0,0.0,0.0,,0.4166666666666667,0.5,6.0,0.5,0.1,6.247916666666668,3.096777777777777,0.7390166666666668,AVOID
218,Doucouré,8,Crystal Palace,MID,5.0,0.1,a,100.0,0.0,0.0,0.0,0.0,1.5,0.0,0.0,0.0,0.0,0.0,0.0,0.0,0.0,0.0,0.0,0.0,,0.4166666666666667,0.5,6.0,0.5,0.1,6.247916666666668,3.096777777777777,0.7390166666666668,AVOID
170,Emegha,6,Chelsea,FWD,5.0,0.1,d,75.0,0.0,0.0,0.0,0.0,1.0,0.0,0.0,0.0,0.0,0.0,0.0,0.0,0.0,0.0,0.0,0.0,Hamstring injury - 75% chance of playing,0.4166666666666667,0.5,6.0,0.5,0.1,6.247916666666668,3.096777777777777,0.7390166666666668,AVOID
324,Mehmeti,12,Ipswich Town,MID,5.0,0.1,a,100.0,0.0,0.0,0.0,0.0,1.5,0.0,0.0,0.0,0.0,0.0,0.0,0.0,0.0,0.0,0.0,0.0,,0.4166666666666667,0.5,6.0,0.5,0.1,6.247916666666668,3.096777777777777,0.7390166666666668,AVOID
571,Florentino,12,Ipswich Town,MID,5.0,0.1,a,100.0,0.0,0.0,0.0,0.0,1.5,0.0,0.0,0.0,0.0,0.0,0.0,0.0,0.0,0.0,0.0,0.0,,0.4166666666666667,0.5,6.0,0.5,0.1,6.247916666666668,3.096777777777777,0.7390166666666668,AVOID
309,Núñez,12,Ipswich Town,MID,5.0,0.1,a,100.0,0.0,0.0,0.0,0.0,1.5,0.0,0.0,0.0,0.0,0.0,0.0,0.0,0.0,0.0,0.0,0.0,,0.4166666666666667,0.5,6.0,0.5,0.1,6.247916666666668,3.096777777777777,0.7390166666666668,AVOID
322,Al-Hamadi,12,Ipswich Town,FWD,5.0,0.2,a,100.0,0.0,0.0,0.0,0.0,1.4,0.0,0.0,0.0,0.0,0.0,0.0,0.0,0.0,0.0,0.0,0.0,,0.4166666666666667,0.5,6.0,0.5,0.1,6.247916666666668,3.0915555555555554,0.7385333333333335,AVOID
317,Hirst,12,Ipswich Town,FWD,5.0,0.4,a,100.0,0.0,0.0,0.0,0.0,1.4,0.0,0.0,0.0,0.0,0.0,0.0,0.0,0.0,0.0,0.0,0.0,,0.4166666666666667,0.5,6.0,0.5,0.1,6.247916666666668,3.081111111111111,0.7375666666666668,AVOID
461,Touré,17,Newcastle,MID,6.0,0.3,a,100.0,0.0,0.0,0.0,0.0,2.1,0.0,0.0,0.0,0.0,0.0,0.0,0.0,0.0,0.0,0.0,0.0,,0.4166666666666667,0.5416666666666666,6.0,0.5,0.08333333333333333,6.284375000000001,3.065444444444444,0.7370833333333334,AVOID
320,Akpom,12,Ipswich Town,FWD,5.0,0.5,a,100.0,0.0,0.0,0.0,0.0,1.4,0.0,0.0,0.0,0.0,0.0,0.0,0.0,0.0,0.0,0.0,0.0,,0.4166666666666667,0.5,6.0,0.5,0.1,6.247916666666668,3.0758888888888887,0.7370833333333334,AVOID
321,Walle Egeli,12,Ipswich Town,FWD,4.5,2.1,a,100.0,0.0,0.0,0.0,0.0,1.0,0.0,0.0,0.0,0.0,0.0,0.0,0.0,0.0,0.0,0.0,0.0,,0.4166666666666667,0.5,6.0,0.5,0.1111111111111111,6.247916666666668,3.006259259259259,0.7367611111111112,AVOID
252,McNally,10,Fulham,GK,4.0,0.2,a,100.0,0.0,0.0,0.0,0.0,1.0,0.0,0.0,0.0,0.0,0.0,0.0,0.0,0.0,0.0,0.0,0.0,,0.4166666666666667,0.4166666666666667,6.0,0.5,0.125,6.175000000000001,3.1228888888888884,0.7349083333333334,AVOID
23,Fábio Vieira,1,Arsenal,MID,5.5,0.0,a,100.0,0.0,0.0,0.0,0.0,2.0,0.0,0.0,0.0,0.0,0.0,0.0,0.0,0.0,0.0,0.0,0.0,,0.4166666666666667,0.5,6.0,0.5,0.09090909090909091,6.247916666666668,3.0906060606060604,0.7334363636363637,AVOID
578,Mudryk,6,Chelsea,MID,5.5,0.0,a,100.0,0.0,0.0,0.0,0.0,2.0,0.0,0.0,0.0,0.0,0.0,0.0,0.0,0.0,0.0,0.0,0.0,,0.4166666666666667,0.5,6.0,0.5,0.09090909090909091,6.247916666666668,3.0906060606060604,0.7334363636363637,AVOID
568,Barco,6,Chelsea,MID,5.5,0.1,a,100.0,0.0,0.0,0.0,0.0,2.0,0.0,0.0,0.0,0.0,0.0,0.0,0.0,0.0,0.0,0.0,0.0,,0.4166666666666667,0.5,6.0,0.5,0.09090909090909091,6.247916666666668,3.0853838383838377,0.7329530303030304,AVOID
164,Quenda,6,Chelsea,MID,5.5,0.1,a,100.0,0.0,0.0,0.0,0.0,2.0,0.0,0.0,0.0,0.0,0.0,0.0,0.0,0.0,0.0,0.0,0.0,,0.4166666666666667,0.5,6.0,0.5,0.09090909090909091,6.247916666666668,3.0853838383838377,0.7329530303030304,AVOID
318,Philogene,12,Ipswich Town,MID,5.5,0.2,a,100.0,0.0,0.0,0.0,0.0,2.0,0.0,0.0,0.0,0.0,0.0,0.0,0.0,0.0,0.0,0.0,0.0,,0.4166666666666667,0.5,6.0,0.5,0.09090909090909091,6.247916666666668,3.080161616161616,0.7324696969696971,AVOID
313,Clarke,12,Ipswich Town,MID,5.5,0.3,a,100.0,0.0,0.0,0.0,0.0,2.0,0.0,0.0,0.0,0.0,0.0,0.0,0.0,0.0,0.0,0.0,0.0,,0.4166666666666667,0.5,6.0,0.5,0.09090909090909091,6.247916666666668,3.074939393939393,0.7319863636363637,AVOID
315,Fatawu,12,Ipswich Town,MID,5.5,0.3,a,100.0,0.0,0.0,0.0,0.0,2.0,0.0,0.0,0.0,0.0,0.0,0.0,0.0,0.0,0.0,0.0,0.0,,0.4166666666666667,0.5,6.0,0.5,0.09090909090909091,6.247916666666668,3.074939393939393,0.7319863636363637,AVOID
316,Emersonn,12,Ipswich Town,FWD,5.5,0.4,a,100.0,0.0,0.0,0.0,0.0,1.8,0.0,0.0,0.0,0.0,0.0,0.0,0.0,0.0,0.0,0.0,0.0,,0.4166666666666667,0.5,6.0,0.5,0.09090909090909091,6.247916666666668,3.0697171717171714,0.7315030303030304,AVOID
562,Maeda,12,Ipswich Town,MID,5.5,0.4,a,100.0,0.0,0.0,0.0,0.0,2.0,0.0,0.0,0.0,0.0,0.0,0.0,0.0,0.0,0.0,0.0,0.0,,0.4166666666666667,0.5,6.0,0.5,0.09090909090909091,6.247916666666668,3.0697171717171714,0.7315030303030304,AVOID
305,Davis,12,Ipswich Town,DEF,4.0,5.2,a,100.0,0.0,0.0,0.0,0.0,1.0,0.0,0.0,0.0,0.0,0.0,0.0,0.0,0.0,0.0,0.0,0.0,,0.4166666666666667,0.5,6.0,0.5,0.125,6.247916666666668,2.8617777777777773,0.7310416666666668,AVOID
301,Palmer,12,Ipswich Town,GK,4.0,5.3,a,100.0,0.0,0.0,0.0,0.0,1.0,0.0,0.0,0.0,0.0,0.0,0.0,0.0,0.0,0.0,0.0,0.0,,0.4166666666666667,0.5,6.0,0.5,0.125,6.247916666666668,2.8565555555555555,0.7305583333333334,AVOID
251,Lecomte,10,Fulham,GK,4.0,1.4,a,100.0,0.0,0.0,0.0,0.0,1.0,0.0,0.0,0.0,0.0,0.0,0.0,0.0,0.0,0.0,0.0,0.0,,0.4166666666666667,0.4166666666666667,6.0,0.5,0.125,6.175000000000001,3.060222222222222,0.7291083333333335,AVOID
152,Palestra,6,Chelsea,DEF,5.5,2.6,a,100.0,0.0,0.0,0.0,0.0,2.5,0.0,0.0,0.0,0.0,0.0,0.0,0.0,0.0,0.0,0.0,0.0,,0.4166666666666667,0.5,6.4,0.5,0.09090909090909091,6.256805555555556,2.9632107744107743,0.7233554545454547,AVOID
166,N.Jackson,6,Chelsea,FWD,6.5,0.3,a,100.0,0.0,0.0,0.0,0.0,2.1,0.0,0.0,0.0,0.0,0.0,0.0,0.0,0.0,0.0,0.0,0.0,,0.4166666666666667,0.5,6.0,0.5,0.07692307692307693,6.247916666666668,3.057410256410256,0.7226576923076923,AVOID
580,Charles,10,Fulham,MID,5.0,0.1,a,100.0,0.0,0.0,0.0,0.0,1.5,0.0,0.0,0.0,0.0,0.0,0.0,0.0,0.0,0.0,0.0,0.0,,0.4166666666666667,0.4166666666666667,6.0,0.5,0.1,6.175000000000001,3.096777777777777,0.7187166666666668,AVOID
570,Palacios,10,Fulham,MID,5.5,0.2,a,100.0,0.0,0.0,0.0,0.0,2.0,0.0,0.0,0.0,0.0,0.0,0.0,0.0,0.0,0.0,0.0,0.0,,0.4166666666666667,0.4166666666666667,6.0,0.5,0.09090909090909091,6.175000000000001,3.080161616161616,0.7121696969696971,AVOID
569,Gonzalo,10,Fulham,FWD,6.0,1.9,a,100.0,0.0,0.0,0.0,0.0,2.0,0.0,0.0,0.0,0.0,0.0,0.0,0.0,0.0,0.0,0.0,0.0,,0.4166666666666667,0.4166666666666667,6.0,0.5,0.08333333333333333,6.175000000000001,2.9818888888888884,0.6989000000000001,AVOID
59,Dennis,3,Bournemouth,GK,4.0,0.2,a,100.0,0.0,0.0,0.0,0.0,1.0,0.0,0.0,0.0,0.0,0.0,0.0,0.0,0.0,0.0,0.0,0.0,,0.3333333333333333,0.3333333333333333,6.0,0.5,0.125,5.966666666666667,3.1228888888888884,0.6769083333333333,AVOID
181,Brau,7,Coventry City,DEF,4.0,0.0,a,100.0,0.0,0.0,0.0,0.0,1.0,0.0,0.0,0.0,0.0,0.0,0.0,0.0,0.0,0.0,0.0,0.0,,0.25,0.4583333333333333,6.0,0.5,0.125,5.940625,3.133333333333333,0.6706249999999999,AVOID
178,Bidwell,7,Coventry City,DEF,4.0,0.1,a,100.0,0.0,0.0,0.0,0.0,1.0,0.0,0.0,0.0,0.0,0.0,0.0,0.0,0.0,0.0,0.0,0.0,,0.25,0.4583333333333333,6.0,0.5,0.125,5.940625,3.1281111111111106,0.6701416666666666,AVOID
177,Kesler-Hayden,7,Coventry City,DEF,4.0,0.1,a,100.0,0.0,0.0,0.0,0.0,1.0,0.0,0.0,0.0,0.0,0.0,0.0,0.0,0.0,0.0,0.0,0.0,,0.25,0.4583333333333333,6.0,0.5,0.125,5.940625,3.1281111111111106,0.6701416666666666,AVOID
179,Latibeaudiere,7,Coventry City,DEF,4.0,0.1,a,100.0,0.0,0.0,0.0,0.0,1.0,0.0,0.0,0.0,0.0,0.0,0.0,0.0,0.0,0.0,0.0,0.0,,0.25,0.4583333333333333,6.0,0.5,0.125,5.940625,3.1281111111111106,0.6701416666666666,AVOID
180,Woolfenden,7,Coventry City,DEF,4.0,0.2,a,100.0,0.0,0.0,0.0,0.0,1.0,0.0,0.0,0.0,0.0,0.0,0.0,0.0,0.0,0.0,0.0,0.0,,0.25,0.4583333333333333,6.0,0.5,0.125,5.940625,3.1228888888888884,0.6696583333333334,AVOID
573,Sanchez,3,Bournemouth,DEF,4.5,0.2,a,100.0,0.0,0.0,0.0,0.0,1.7,0.0,0.0,0.0,0.0,0.0,0.0,0.0,0.0,0.0,0.0,0.0,,0.3333333333333333,0.3333333333333333,6.0,0.5,0.1111111111111111,5.966666666666667,3.105481481481481,0.6676444444444446,AVOID
174,Kitching,7,Coventry City,DEF,4.0,0.7,a,100.0,0.0,0.0,0.0,0.0,1.0,0.0,0.0,0.0,0.0,0.0,0.0,0.0,0.0,0.0,0.0,0.0,,0.25,0.4583333333333333,6.0,0.5,0.125,5.940625,3.096777777777777,0.6672416666666667,AVOID
182,Amenda,7,Coventry City,DEF,4.0,0.8,a,100.0,0.0,0.0,0.0,0.0,1.0,0.0,0.0,0.0,0.0,0.0,0.0,0.0,0.0,0.0,0.0,0.0,,0.25,0.4583333333333333,6.0,0.5,0.125,5.940625,3.0915555555555554,0.6667583333333333,AVOID
176,Dasilva,7,Coventry City,DEF,4.0,0.8,a,100.0,0.0,0.0,0.0,0.0,1.0,0.0,0.0,0.0,0.0,0.0,0.0,0.0,0.0,0.0,0.0,0.0,,0.25,0.4583333333333333,6.0,0.5,0.125,5.940625,3.0915555555555554,0.6667583333333333,AVOID
58,Forster,3,Bournemouth,GK,4.0,3.2,a,100.0,0.0,0.0,0.0,0.0,1.0,0.0,0.0,0.0,0.0,0.0,0.0,0.0,0.0,0.0,0.0,0.0,,0.3333333333333333,0.3333333333333333,6.0,0.5,0.125,5.966666666666667,2.966222222222222,0.6624083333333333,AVOID
171,Dovin,7,Coventry City,GK,4.0,2.1,a,100.0,0.0,0.0,0.0,0.0,1.0,0.0,0.0,0.0,0.0,0.0,0.0,0.0,0.0,0.0,0.0,0.0,,0.25,0.4583333333333333,6.0,0.5,0.125,5.940625,3.023666666666666,0.660475,AVOID
191,Borges Rodrigues,7,Coventry City,MID,4.5,0.2,a,100.0,0.0,0.0,0.0,0.0,1.0,0.0,0.0,0.0,0.0,0.0,0.0,0.0,0.0,0.0,0.0,0.0,,0.25,0.4583333333333333,6.0,0.5,0.1111111111111111,5.940625,3.105481481481481,0.6603944444444445,AVOID
566,Silva,3,Bournemouth,DEF,5.0,0.2,a,100.0,0.0,0.0,0.0,0.0,2.2,0.0,0.0,0.0,0.0,0.0,0.0,0.0,0.0,0.0,0.0,0.0,,0.3333333333333333,0.3333333333333333,6.0,0.5,0.1,5.966666666666667,3.0915555555555554,0.6602333333333334,AVOID
189,Shepherd,7,Coventry City,MID,4.5,0.3,a,100.0,0.0,0.0,0.0,0.0,1.0,0.0,0.0,0.0,0.0,0.0,0.0,0.0,0.0,0.0,0.0,0.0,,0.25,0.4583333333333333,6.0,0.5,0.1111111111111111,5.940625,3.100259259259259,0.6599111111111112,AVOID
172,Wilson,7,Coventry City,GK,4.5,0.6,a,100.0,0.0,0.0,0.0,0.0,1.9,0.0,0.0,0.0,0.0,0.0,0.0,0.0,0.0,0.0,0.0,0.0,,0.25,0.4583333333333333,6.0,0.5,0.1111111111111111,5.940625,3.0845925925925926,0.658461111111111,AVOID
192,Andrews,7,Coventry City,MID,4.5,0.7,a,100.0,0.0,0.0,0.0,0.0,1.0,0.0,0.0,0.0,0.0,0.0,0.0,0.0,0.0,0.0,0.0,0.0,,0.25,0.4583333333333333,6.0,0.5,0.1111111111111111,5.940625,3.07937037037037,0.6579777777777778,AVOID
110,Rushworth,7,Coventry City,GK,4.5,0.9,a,100.0,0.0,0.0,0.0,0.0,1.9,0.0,0.0,0.0,0.0,0.0,0.0,0.0,0.0,0.0,0.0,0.0,,0.25,0.4583333333333333,6.0,0.5,0.1111111111111111,5.940625,3.0689259259259254,0.6570111111111111,AVOID
557,Tzolis,1,Arsenal,MID,6.5,14.5,a,100.0,0.0,0.0,0.0,0.0,2.3,0.0,0.0,0.0,0.0,0.0,0.0,0.0,0.0,0.0,0.0,0.0,,0.4166666666666667,0.5,6.0,0.5,0.07692307692307693,6.247916666666668,2.3158547008547004,0.654024358974359,AVOID
187,Eccles,7,Coventry City,MID,5.0,0.0,a,100.0,0.0,0.0,0.0,0.0,1.5,0.0,0.0,0.0,0.0,0.0,0.0,0.0,0.0,0.0,0.0,0.0,,0.25,0.4583333333333333,6.0,0.5,0.1,5.940625,3.102,0.65395,AVOID
183,Rudoni,7,Coventry City,MID,5.0,0.1,d,75.0,0.0,0.0,0.0,0.0,1.1,0.0,0.0,0.0,0.0,0.0,0.0,0.0,0.0,0.0,0.0,0.0,Shoulder injury - 75% chance of playing,0.25,0.4583333333333333,6.0,0.5,0.1,5.940625,3.096777777777777,0.6534666666666666,AVOID
185,Sakamoto,7,Coventry City,MID,5.0,0.1,a,100.0,0.0,0.0,0.0,0.0,1.5,0.0,0.0,0.0,0.0,0.0,0.0,0.0,0.0,0.0,0.0,0.0,,0.25,0.4583333333333333,6.0,0.5,0.1,5.940625,3.096777777777777,0.6534666666666666,AVOID
184,Grimes,7,Coventry City,MID,5.0,0.2,a,100.0,0.0,0.0,0.0,0.0,1.5,0.0,0.0,0.0,0.0,0.0,0.0,0.0,0.0,0.0,0.0,0.0,,0.25,0.4583333333333333,6.0,0.5,0.1,5.940625,3.0915555555555554,0.6529833333333334,AVOID
575,Yirenkyi,7,Coventry City,MID,5.0,0.2,a,100.0,0.0,0.0,0.0,0.0,1.5,0.0,0.0,0.0,0.0,0.0,0.0,0.0,0.0,0.0,0.0,0.0,,0.25,0.4583333333333333,6.0,0.5,0.1,5.940625,3.0915555555555554,0.6529833333333334,AVOID
194,Thomas-Asante,7,Coventry City,FWD,5.0,0.8,a,100.0,0.0,0.0,0.0,0.0,1.4,0.0,0.0,0.0,0.0,0.0,0.0,0.0,0.0,0.0,0.0,0.0,,0.25,0.4583333333333333,6.0,0.5,0.1,5.940625,3.060222222222222,0.6500833333333333,AVOID
195,Simms,7,Coventry City,FWD,5.0,0.8,a,100.0,0.0,0.0,0.0,0.0,1.4,0.0,0.0,0.0,0.0,0.0,0.0,0.0,0.0,0.0,0.0,0.0,,0.25,0.4583333333333333,6.0,0.5,0.1,5.940625,3.060222222222222,0.6500833333333333,AVOID
81,Rodríguez,3,Bournemouth,FWD,6.0,0.2,d,75.0,0.0,0.0,0.0,0.0,1.5,0.0,0.0,0.0,0.0,0.0,0.0,0.0,0.0,0.0,0.0,0.0,Unspecified injury - 75% chance of playing,0.3333333333333333,0.3333333333333333,6.0,0.5,0.08333333333333333,5.966666666666667,3.0706666666666664,0.6491166666666668,AVOID
584,Hamer,7,Coventry City,MID,5.5,0.1,a,100.0,0.0,0.0,0.0,0.0,2.0,0.0,0.0,0.0,0.0,0.0,0.0,0.0,0.0,0.0,0.0,0.0,,0.25,0.4583333333333333,6.0,0.5,0.09090909090909091,5.940625,3.0853838383838377,0.6474030303030303,AVOID
190,Tchaouna,7,Coventry City,MID,5.5,0.1,a,100.0,0.0,0.0,0.0,0.0,2.0,0.0,0.0,0.0,0.0,0.0,0.0,0.0,0.0,0.0,0.0,0.0,,0.25,0.4583333333333333,6.0,0.5,0.09090909090909091,5.940625,3.0853838383838377,0.6474030303030303,AVOID
186,Mason-Clark,7,Coventry City,MID,5.5,0.2,d,75.0,0.0,0.0,0.0,0.0,1.5,0.0,0.0,0.0,0.0,0.0,0.0,0.0,0.0,0.0,0.0,0.0,Hamstring injury - 75% chance of playing,0.25,0.4583333333333333,6.0,0.5,0.09090909090909091,5.940625,3.080161616161616,0.646919696969697,AVOID
188,Torp,7,Coventry City,MID,5.5,0.2,a,100.0,0.0,0.0,0.0,0.0,2.0,0.0,0.0,0.0,0.0,0.0,0.0,0.0,0.0,0.0,0.0,0.0,,0.25,0.4583333333333333,6.0,0.5,0.09090909090909091,5.940625,3.080161616161616,0.646919696969697,AVOID
173,Thomas,7,Coventry City,DEF,4.0,7.8,a,100.0,0.0,0.0,0.0,0.0,1.0,0.0,0.0,0.0,0.0,0.0,0.0,0.0,0.0,0.0,0.0,0.0,,0.25,0.4583333333333333,6.0,0.5,0.125,5.940625,2.7259999999999995,0.632925,AVOID
175,van Ewijk,7,Coventry City,DEF,4.0,14.6,a,100.0,0.0,0.0,0.0,0.0,1.0,0.0,0.0,0.0,0.0,0.0,0.0,0.0,0.0,0.0,0.0,0.0,,0.25,0.4583333333333333,6.0,0.5,0.125,5.940625,2.3708888888888886,0.6000583333333334,AVOID
380,Ekitiké,14,Liverpool,FWD,7.5,0.2,i,0.0,1797.0,125.0,0.0,4.5,0.0,0.0,11.0,4.0,7.0,22.0,433.0,156.2,307.2,739.0,525.8,21.0,Achilles injury - Unknown return date,0.5833333333333334,0.5416666666666666,20.2,1.491,0.1988,24.655763888888888,7.982407348148148,0.5641345745,AVOID
5,J.Timber,1,Arsenal,DEF,6.5,0.2,i,0.0,2452.0,149.0,0.0,5.0,0.0,0.0,3.0,6.0,13.0,9.0,532.0,125.7,402.6,352.0,499.0,28.0,Groin injury - Unknown return date,0.4166666666666667,0.5,20.4,1.281,0.19707692307692307,22.252916666666664,7.047553811965811,0.4853635535897436,AVOID
239,Garner,9,Everton,MID,6.0,0.3,i,0.0,3413.0,159.0,0.0,4.2,0.0,0.0,2.0,7.0,11.0,13.0,818.0,208.4,958.0,237.0,887.0,38.0,Groin injury - Expected back 22 Aug,0.4166666666666667,0.5416666666666666,20.7,1.204,0.20066666666666666,21.526041666666668,6.714014666666666,0.4745052608333334,AVOID
500,Romero,19,Spurs,DEF,5.0,0.8,u,0.0,1869.0,91.0,0.0,4.0,0.0,0.0,4.0,1.0,5.0,10.0,305.0,93.2,133.6,223.0,574.8,22.0,Has joined Atletico Madrid permanently,0.5833333333333334,0.5,20.1,1.073,0.21459999999999999,20.240283333333334,6.091661644444446,0.4723057161666668,AVOID
122,Minteh,5,Brighton,MID,6.0,0.3,i,0.0,2389.0,117.0,0.0,3.4,0.0,0.0,3.0,8.0,11.0,9.0,466.0,180.3,691.4,617.0,491.8,26.0,Leg injury - Expected back 28 Nov,0.5,0.5,20.7,1.137,0.1895,20.955000000000002,6.397194,0.467874141875,AVOID
513,Xavi,19,Spurs,MID,6.0,0.0,i,0.0,1747.0,80.0,0.0,2.9,0.0,0.0,2.0,5.0,4.0,7.0,345.0,113.9,533.8,255.0,349.6,19.0,Knee injury - Unknown return date,0.5833333333333334,0.5,20.7,1.031,0.1718333333333333,20.030416666666667,5.913255333333333,0.4556335422916666,AVOID
402,Rodrigo,15,Man City,MID,6.5,0.1,i,0.0,1510.0,69.0,0.0,3.3,0.0,0.0,1.0,1.0,5.0,6.0,350.0,90.3,421.5,122.0,358.0,17.0,Back injury - Unknown return date,0.5833333333333334,0.5,20.6,1.039,0.15984615384615383,19.268194444444443,5.923075806267806,0.4536808333974359,AVOID
85,Van den Berg,4,Brentford,DEF,5.0,0.4,i,0.0,2761.0,113.0,0.0,3.5,0.0,0.0,0.0,3.0,8.0,3.0,435.0,106.3,98.0,305.0,659.0,30.0,Unspecified injury - Unknown return date,0.5833333333333334,0.4583333333333333,20.7,1.0,0.2,19.059958333333334,5.789733333333333,0.45154127083333334,AVOID
416,De Ligt,16,Man Utd,DEF,5.0,0.0,i,0.0,1170.0,43.0,0.0,3.3,0.0,0.0,1.0,0.0,1.0,5.0,169.0,45.7,60.2,122.0,276.6,13.0,Back injury - Unknown return date,0.6666666666666666,0.5416666666666666,20.7,0.886,0.1772,16.834691666666668,5.2684728,0.4444081005,AVOID
6,Saliba,1,Arsenal,DEF,6.0,0.4,i,0.0,2614.0,137.0,0.0,4.4,0.0,0.0,1.0,0.0,15.0,12.0,581.0,84.3,201.0,90.0,552.6,30.0,Back injury - Unknown return date,0.4166666666666667,0.5,20.4,1.101,0.1835,18.652916666666666,6.209208444444444,0.4423980283333333,AVOID
30,Digne,2,Aston Villa,DEF,4.5,0.5,u,0.0,1842.0,97.0,0.0,3.1,0.0,0.0,0.0,7.0,7.0,5.0,381.0,98.5,455.5,130.0,400.2,21.0,Has joined Paris Saint-Germain permanently,0.5,0.5,20.4,0.981,0.218,18.788333333333334,5.712388888888889,0.44007989666666664,AVOID
143,Chalobah,6,Chelsea,DEF,5.5,0.7,u,0.0,2780.0,136.0,0.0,4.0,0.0,0.0,3.0,1.0,9.0,7.0,516.0,99.1,111.2,160.0,719.2,31.0,Has joined Como permanently,0.4166666666666667,0.5,20.7,1.061,0.1929090909090909,19.593983333333334,6.036997515151515,0.4366273611742424,AVOID
433,Ugarte,16,Man Utd,MID,5.0,0.0,i,0.0,876.0,38.0,0.0,1.7,0.0,0.0,0.0,0.0,1.0,0.0,183.0,29.8,83.6,48.0,167.2,8.0,Knee injury - Unknown return date,0.6666666666666666,0.5416666666666666,20.7,0.804,0.1608,13.841491666666666,4.876939200000001,0.4222766695,AVOID
54,Gomes,2,Aston Villa,MID,5.5,0.2,i,0.0,2207.0,85.0,0.0,3.0,0.0,0.0,1.0,1.0,4.0,4.0,421.0,102.0,353.4,176.0,486.6,25.0,Calf injury - Unknown return date,0.5,0.5,20.5,0.946,0.172,19.040555555555557,5.512532592592593,0.42131381250000005,AVOID
48,Onana,2,Aston Villa,MID,5.0,0.0,i,0.0,1755.0,76.0,0.0,3.0,0.0,0.0,2.0,0.0,6.0,4.0,353.0,74.4,152.6,178.0,413.2,21.0,Knee injury - Unknown return date,0.5,0.5,20.0,0.919,0.18380000000000002,18.759444444444444,5.401646666666668,0.41733054999999997,AVOID
517,Odobert,19,Spurs,MID,5.5,0.0,i,0.0,972.0,46.0,0.0,1.9,0.0,0.0,0.0,2.0,2.0,6.0,176.0,67.6,284.3,234.0,158.8,10.0,Knee injury - Unknown return date,0.5833333333333334,0.5,20.7,0.856,0.15563636363636363,18.28041666666667,5.103688727272727,0.4133476613636363,AVOID
253,Andersen,10,Fulham,DEF,5.0,0.0,s,0.0,2882.0,123.0,0.0,3.7,0.0,0.0,0.0,1.0,8.0,8.0,424.0,107.0,131.0,148.0,790.6,33.0,Suspended until 30 Aug,0.4166666666666667,0.4166666666666667,20.4,0.976,0.19519999999999998,18.842000000000002,5.6872256000000005,0.41114337599999995,AVOID
121,Mitoma,5,Brighton,MID,6.0,0.1,i,0.0,1714.0,62.0,0.0,2.5,0.0,0.0,3.0,1.0,5.0,2.0,247.0,112.3,422.3,416.0,288.4,19.0,Hamstring injury - Unknown return date,0.5,0.5,20.7,0.885,0.1475,18.435000000000002,5.217103333333333,0.40245116770833333,AVOID
78,Kroupi.Jr,3,Bournemouth,MID,7.5,1.6,i,0.0,1663.0,113.0,0.0,3.4,0.0,0.0,13.0,0.0,10.0,13.0,480.0,139.9,306.9,563.0,532.2,21.0,Foot injury - Unknown return date,0.3333333333333333,0.3333333333333333,19.5,1.117,0.14893333333333333,20.311666666666667,6.128522888888889,0.4009200212500001,AVOID
360,Bradley,14,Liverpool,DEF,5.0,0.0,i,0.0,928.0,42.0,0.0,2.8,0.0,0.0,0.0,2.0,4.0,2.0,157.0,32.3,105.2,62.0,157.4,12.0,Knee injury - Unknown return date,0.5833333333333334,0.5416666666666666,19.2,0.789,0.1578,14.314441666666667,4.759023200000001,0.39873187200000004,AVOID
266,Cairney,10,Fulham,MID,5.0,0.0,i,0.0,756.0,41.0,0.0,1.7,0.0,0.0,2.0,0.0,2.0,1.0,181.0,41.4,195.6,64.0,153.4,6.0,Knee injury - Expected back 10 Oct,0.4166666666666667,0.4166666666666667,20.7,0.912,0.1824,15.916666666666668,5.3926176,0.3948159460000001,AVOID
475,Savona,18,Nott'm Forest,DEF,4.5,0.0,i,0.0,1025.0,39.0,0.0,2.8,0.0,0.0,2.0,0.0,3.0,0.0,131.0,43.5,123.2,94.0,216.6,11.0,Knee injury - Unknown return date,0.5,0.5,20.7,0.798,0.17733333333333334,15.563400000000001,4.872833333333333,0.3915848241666667,AVOID
77,Adli,3,Bournemouth,MID,5.0,0.1,i,0.0,1074.0,67.0,0.0,2.2,0.0,0.0,3.0,2.0,3.0,4.0,241.0,76.1,235.9,260.0,272.6,10.0,Unspecified injury - Unknown return date,0.3333333333333333,0.3333333333333333,20.7,0.984,0.1968,19.008333333333333,5.730636533333334,0.3911853178333333,AVOID
342,Harrison,13,Leeds,MID,5.0,0.0,u,0.0,262.0,12.0,0.0,1.1,0.0,0.0,0.0,0.0,0.0,0.0,51.0,11.5,49.4,35.0,30.0,1.0,Has joined New England Revolution permanently,0.5,0.4583333333333333,20.7,0.826,0.16519999999999999,12.093841666666666,4.981984799999999,0.3904747455,AVOID
458,Joelinton,17,Newcastle,MID,5.5,0.1,i,0.0,1950.0,73.0,0.0,2.7,0.0,0.0,2.0,1.0,5.0,2.0,304.0,95.0,296.3,329.0,324.4,23.0,Unspecified injury - Unknown return date,0.4166666666666667,0.5416666666666666,20.1,0.863,0.15690909090909091,18.102708333333332,5.111396222222222,0.38749422594696975,AVOID
225,Uche,8,Crystal Palace,FWD,5.0,0.0,u,0.0,159.0,17.0,0.0,1.2,0.0,0.0,0.0,1.0,0.0,0.0,42.0,8.8,7.1,73.0,13.2,0.0,has returned to Getafe CF,0.4166666666666667,0.5,20.2,0.847,0.1694,12.704672222222221,5.065934933333334,0.38380421100000006,AVOID
344,Gruev,13,Leeds,MID,5.0,0.0,i,0.0,1318.0,56.0,0.0,2.4,0.0,0.0,0.0,4.0,5.0,3.0,245.0,43.2,171.0,64.0,199.4,15.0,Knee injury - Unknown return date,0.5,0.4583333333333333,20.5,0.803,0.16060000000000002,14.994097222222223,4.865906000000001,0.38367913500000006,AVOID
359,Gomez,14,Liverpool,DEF,5.0,0.0,i,0.0,594.0,33.0,0.0,1.6,0.0,0.0,0.0,2.0,2.0,2.0,94.0,23.2,77.8,31.0,122.8,7.0,Muscular injury - Unknown return date,0.5833333333333334,0.5416666666666666,20.1,0.705,0.141,11.826141666666667,4.387262000000001,0.3789422699999999,AVOID
240,Iroegbunam,9,Everton,MID,5.0,0.0,i,0.0,1477.0,68.0,0.0,2.3,0.0,0.0,0.0,3.0,8.0,1.0,225.0,45.9,125.2,81.0,255.0,17.0,Groin injury - Unknown return date,0.4166666666666667,0.5416666666666666,20.3,0.804,0.1608,15.149552777777776,4.864410133333334,0.37651944049999997,AVOID
80,Enes Ünal,3,Bournemouth,FWD,5.5,0.1,u,0.0,214.0,27.0,0.0,1.2,0.0,0.0,1.0,0.0,0.0,1.0,83.0,19.1,25.0,104.0,70.2,0.0,Has joined Getafe permanently,0.3333333333333333,0.3333333333333333,20.7,0.89,0.16181818181818183,14.472833333333334,5.259409696969697,0.3615587765151515,AVOID
145,Fofana,6,Chelsea,DEF,5.0,0.0,s,0.0,1718.0,65.0,0.0,2.6,0.0,0.0,0.0,2.0,4.0,3.0,288.0,60.4,65.6,74.0,463.6,20.0,Suspended until 6 Sep,0.4166666666666667,0.5,20.2,0.756,0.1512,13.705672222222223,4.632823466666667,0.359337678,AVOID
331,Gudmundsson,13,Leeds,DEF,4.5,0.1,i,0.0,2637.0,68.0,0.0,2.1,0.0,0.0,0.0,0.0,5.0,8.0,286.0,96.4,363.7,158.0,442.6,31.0,Hamstring injury - Expected back 30 Aug,0.5,0.4583333333333333,20.1,0.678,0.15066666666666667,16.315208333333334,4.273866666666667,0.3526761641666667,AVOID
75,Christie,3,Bournemouth,MID,5.0,0.0,s,0.0,978.0,47.0,0.0,1.8,0.0,0.0,2.0,1.0,3.0,2.0,214.0,64.7,197.0,220.0,226.6,9.0,Suspended until 29 Aug,0.3333333333333333,0.3333333333333333,20.7,0.815,0.16299999999999998,17.31833333333333,4.929461999999999,0.34576358249999994,AVOID
413,Bayindir,16,Man Utd,GK,4.5,0.1,u,0.0,540.0,11.0,0.0,1.8,0.0,0.0,0.0,0.0,0.0,0.0,49.0,12.8,10.0,0.0,118.4,6.0,Has joined Celta Vigo on loan for the rest of the season,0.6666666666666666,0.5416666666666666,20.7,0.5,0.1111111111111111,7.713291666666667,3.435011111111111,0.34296043055555553,AVOID
540,Masuaku,20,Sunderland,DEF,4.0,0.7,u,0.0,125.0,1.0,0.0,0.3,0.0,0.0,0.0,0.0,0.0,0.0,4.0,4.9,20.1,7.0,21.8,2.0,Has joined Konyaspor permanently,0.6666666666666666,0.5,17.5,0.5,0.125,7.581422222222223,3.3493518518518517,0.33310703124999996,AVOID
131,Baleba,5,Brighton,MID,5.0,0.2,i,0.0,1646.0,56.0,0.0,1.8,0.0,0.0,0.0,0.0,7.0,0.0,231.0,36.8,156.3,44.0,166.8,23.0,Ankle injury - Expected back 23 Aug,0.5,0.5,18.6,0.611,0.1222,12.468333333333334,3.8906766222222218,0.3306689656666667,AVOID
63,Milosavljević,3,Bournemouth,DEF,5.0,0.0,i,0.0,367.0,19.0,0.0,2.7,0.0,0.0,0.0,0.0,1.0,0.0,63.0,12.2,13.9,10.0,98.4,4.0,Unspecified injury - Unknown return date,0.3333333333333333,0.3333333333333333,20.7,0.73,0.146,9.609133333333332,4.523604,0.32282246499999995,AVOID
132,Howell,5,Brighton,MID,4.5,0.2,u,0.0,92.0,4.0,0.0,1.3,0.0,0.0,0.0,0.0,0.0,0.0,11.0,1.8,5.1,2.0,10.2,1.0,Has joined Leicester City on loan for the rest of the season,0.5,0.5,20.7,0.5,0.1111111111111111,6.9122,3.429244444444444,0.3090328888888889,AVOID
128,Buonanotte,5,Brighton,MID,5.0,0.0,u,0.0,81.0,3.0,0.0,0.8,0.0,0.0,0.0,0.0,0.0,0.0,9.0,7.4,40.0,21.0,13.2,1.0,Has joined Elche on loan for the rest of the season,0.5,0.5,19.7,0.5,0.1,8.130777777777777,3.4033999999999995,0.3041465,AVOID
414,Heaton,16,Man Utd,GK,4.0,0.2,i,0.0,0.0,0.0,0.0,0.0,0.0,0.0,0.0,0.0,0.0,0.0,0.0,0.0,0.0,0.0,0.0,0.0,Hamstring injury - Unknown return date,0.6666666666666666,0.5416666666666666,1.8,0.5,0.125,6.597291666666667,3.0298666666666665,0.2963282291666667,AVOID
220,Cardines,8,Crystal Palace,DEF,4.5,0.0,u,0.0,90.0,2.0,0.0,2.0,0.0,0.0,0.0,0.0,0.0,0.0,21.0,4.9,30.0,4.0,15.2,1.0,Has joined Bristol City on loan for the rest of the season,0.4166666666666667,0.5,20.7,0.5,0.1111111111111111,7.275083333333334,3.4407777777777775,0.2945469722222222,AVOID
538,Hjelde,20,Sunderland,DEF,4.0,0.2,u,0.0,0.0,0.0,0.0,0.0,0.0,0.0,0.0,0.0,0.0,0.0,0.0,0.0,0.0,0.0,0.0,0.0,Has joined KV Mechelen on loan for the rest of the season,0.6666666666666666,0.5,1.8,0.5,0.125,6.560833333333334,3.0298666666666665,0.29290435416666666,AVOID
530,Patterson,20,Sunderland,GK,4.0,0.5,u,0.0,0.0,0.0,0.0,0.0,0.0,0.0,0.0,0.0,0.0,0.0,0.0,0.0,0.0,0.0,0.0,0.0,Has joined Wrexham permanently,0.6666666666666666,0.5,1.8,0.5,0.125,6.560833333333334,3.0146666666666664,0.2924152291666666,AVOID
141,Jörgensen,6,Chelsea,GK,5.0,0.1,u,0.0,378.0,9.0,0.0,1.8,0.0,0.0,0.0,0.0,0.0,0.0,50.0,7.9,0.0,0.0,79.8,3.0,Has joined RC Strasbourg on loan for the rest of the season,0.4166666666666667,0.5,20.7,0.5,0.1,6.930083333333333,3.419633333333333,0.2914337708333333,AVOID
354,Jaros,14,Liverpool,GK,4.0,0.0,i,0.0,0.0,0.0,0.0,0.0,0.0,0.0,0.0,0.0,0.0,0.0,0.0,0.0,0.0,0.0,0.0,0.0,Knee injury - Unknown return date,0.5833333333333334,0.5416666666666666,1.8,0.5,0.125,6.461875,3.04,0.2839370625,AVOID
363,Leoni,14,Liverpool,DEF,4.0,0.1,i,0.0,0.0,0.0,0.0,0.0,0.0,0.0,0.0,0.0,0.0,0.0,0.0,0.0,0.0,0.0,0.0,0.0,Knee injury - Unknown return date,0.5833333333333334,0.5416666666666666,1.8,0.5,0.125,6.461875,3.034933333333333,0.28377402083333336,AVOID
382,Danns,14,Liverpool,FWD,4.5,0.0,i,0.0,0.0,0.0,0.0,0.0,0.0,0.0,0.0,0.0,0.0,0.0,0.0,0.0,0.0,0.0,0.0,0.0,Unspecified injury - Unknown return date,0.5833333333333334,0.5416666666666666,1.8,0.5,0.1111111111111111,6.461875,3.023111111111111,0.2808120972222222,AVOID
376,Bajcetic,14,Liverpool,MID,5.0,0.0,i,0.0,0.0,0.0,0.0,0.0,0.0,0.0,0.0,0.0,0.0,0.0,0.0,0.0,0.0,0.0,0.0,0.0,Hamstring injury - Expected back 23 Aug,0.5833333333333334,0.5416666666666666,1.8,0.5,0.1,6.461875,3.0096,0.27831212499999997,AVOID
133,Watson,5,Brighton,MID,5.0,0.0,u,0.0,57.0,5.0,0.0,0.8,0.0,0.0,0.0,0.0,0.0,0.0,15.0,1.6,2.4,7.0,6.0,0.0,Has joined Leicester City on loan for the rest of the season,0.5,0.5,8.4,0.5,0.1,6.747466666666667,3.1548,0.27764799999999995,AVOID
521,Kulusevski,19,Spurs,MID,6.5,0.0,i,0.0,0.0,0.0,0.0,0.0,0.0,0.0,0.0,0.0,0.0,0.0,0.0,0.0,0.0,0.0,0.0,0.0,Knee injury - Unknown return date,0.5833333333333334,0.5,1.8,0.5,0.07692307692307693,6.425416666666667,2.9815384615384612,0.269696,AVOID
275,Cartwright,11,Hull City,GK,4.0,0.0,u,0.0,0.0,0.0,0.0,0.0,0.0,0.0,0.0,0.0,0.0,0.0,0.0,0.0,0.0,0.0,0.0,0.0,Has joined Grimsby Town on loan for the rest of the season,0.5,0.4583333333333333,1.8,0.5,0.125,6.253541666666667,3.04,0.2643720625,AVOID
281,Drameh,11,Hull City,DEF,4.0,0.0,i,0.0,0.0,0.0,0.0,0.0,0.0,0.0,0.0,0.0,0.0,0.0,0.0,0.0,0.0,0.0,0.0,0.0,Hamstring injury - Expected back 29 Aug,0.5,0.4583333333333333,1.8,0.5,0.125,6.253541666666667,3.04,0.2643720625,AVOID
276,Lo-Tutala,11,Hull City,GK,4.0,0.1,u,0.0,0.0,0.0,0.0,0.0,0.0,0.0,0.0,0.0,0.0,0.0,0.0,0.0,0.0,0.0,0.0,0.0,Has joined Colchester United on loan for the rest of the season,0.5,0.4583333333333333,1.8,0.5,0.125,6.253541666666667,3.034933333333333,0.26420902083333336,AVOID
278,Hughes,11,Hull City,DEF,4.0,0.4,i,0.0,0.0,0.0,0.0,0.0,0.0,0.0,0.0,0.0,0.0,0.0,0.0,0.0,0.0,0.0,0.0,0.0,Groin injury - Unknown return date,0.5,0.4583333333333333,1.8,0.5,0.125,6.253541666666667,3.0197333333333334,0.26371989583333333,AVOID
49,Iling Jr,2,Aston Villa,MID,5.0,0.0,u,0.0,0.0,0.0,0.0,0.0,0.0,0.0,0.0,0.0,0.0,0.0,0.0,0.0,0.0,0.0,0.0,0.0,Has joined Bolton Wanderers on loan for the rest of the season,0.5,0.5,1.8,0.5,0.1,6.29,3.0096,0.262171,AVOID
139,Ferguson,5,Brighton,FWD,5.0,0.0,i,0.0,0.0,0.0,0.0,0.0,0.0,0.0,0.0,0.0,0.0,0.0,0.0,0.0,0.0,0.0,0.0,0.0,Ankle injury - Expected back 10 Oct,0.5,0.5,1.8,0.5,0.1,6.29,3.0096,0.262171,AVOID
291,Matazo,11,Hull City,MID,4.5,0.0,i,0.0,0.0,0.0,0.0,0.0,0.0,0.0,0.0,0.0,0.0,0.0,0.0,0.0,0.0,0.0,0.0,0.0,Knee injury - Unknown return date,0.5,0.4583333333333333,1.8,0.5,0.1111111111111111,6.253541666666667,3.023111111111111,0.2612470972222222,AVOID
349,Mateo Joseph,13,Leeds,FWD,4.5,0.1,i,0.0,0.0,0.0,0.0,0.0,0.0,0.0,0.0,0.0,0.0,0.0,0.0,0.0,0.0,0.0,0.0,0.0,Knee injury - Unknown return date,0.5,0.4583333333333333,1.8,0.5,0.1111111111111111,6.253541666666667,3.018044444444444,0.2610840555555556,AVOID
297,Gyabi,11,Hull City,MID,4.5,0.1,i,0.0,0.0,0.0,0.0,0.0,0.0,0.0,0.0,0.0,0.0,0.0,0.0,0.0,0.0,0.0,0.0,0.0,Thigh injury - Unknown return date,0.5,0.4583333333333333,1.8,0.5,0.1111111111111111,6.253541666666667,3.018044444444444,0.2610840555555556,AVOID
294,Zambrano,11,Hull City,MID,4.5,0.2,i,0.0,0.0,0.0,0.0,0.0,0.0,0.0,0.0,0.0,0.0,0.0,0.0,0.0,0.0,0.0,0.0,0.0,Thigh injury - Unknown return date,0.5,0.4583333333333333,1.8,0.5,0.1111111111111111,6.253541666666667,3.012977777777778,0.26092101388888894,AVOID
299,Burstow,11,Hull City,FWD,4.5,0.2,u,0.0,0.0,0.0,0.0,0.0,0.0,0.0,0.0,0.0,0.0,0.0,0.0,0.0,0.0,0.0,0.0,0.0,Has joined Sheffield Wednesday on loan for the rest of the season,0.5,0.4583333333333333,1.8,0.5,0.1111111111111111,6.253541666666667,3.012977777777778,0.26092101388888894,AVOID
274,Butland,11,Hull City,GK,4.5,0.3,i,0.0,0.0,0.0,0.0,0.0,0.0,0.0,0.0,0.0,0.0,0.0,0.0,0.0,0.0,0.0,0.0,0.0,Arm injury - Unknown return date,0.5,0.4583333333333333,1.8,0.5,0.1111111111111111,6.253541666666667,3.007911111111111,0.26075797222222225,AVOID
451,A.Murphy,17,Newcastle,DEF,4.0,0.4,u,0.0,7.0,2.0,0.0,1.0,0.0,0.0,0.0,0.0,0.0,0.0,3.0,1.3,0.6,2.0,10.2,0.0,Has joined FC Kaiserslautern on loan for the rest of the season,0.4166666666666667,0.5416666666666666,2.6,0.5,0.125,6.334519444444445,3.0373925925925924,0.2596954791666667,AVOID
340,Gelhardt,11,Hull City,MID,5.0,0.0,i,0.0,0.0,0.0,0.0,0.0,0.0,0.0,0.0,0.0,0.0,0.0,0.0,0.0,0.0,0.0,0.0,0.0,Ankle injury - Expected back 5 Sep,0.5,0.4583333333333333,1.8,0.5,0.1,6.253541666666667,3.0096,0.25874712499999997,AVOID
293,Kamara,11,Hull City,MID,5.0,0.0,u,0.0,0.0,0.0,0.0,0.0,0.0,0.0,0.0,0.0,0.0,0.0,0.0,0.0,0.0,0.0,0.0,0.0,Has joined Portsmouth permanently,0.5,0.4583333333333333,1.8,0.5,0.1,6.253541666666667,3.0096,0.25874712499999997,AVOID
582,Madjo,2,Aston Villa,FWD,5.5,1.0,i,0.0,0.0,0.0,0.0,0.0,0.0,0.0,0.0,0.0,0.0,0.0,0.0,0.0,0.0,0.0,0.0,0.0,Unspecified injury - Unknown return date,0.5,0.5,1.8,0.5,0.09090909090909091,6.29,2.9478787878787878,0.2584951515151515,AVOID
298,Destan,11,Hull City,FWD,4.5,1.7,u,0.0,0.0,0.0,0.0,0.0,0.0,0.0,0.0,0.0,0.0,0.0,0.0,0.0,0.0,0.0,0.0,0.0,Has joined Konyaspor permanently,0.5,0.4583333333333333,1.8,0.5,0.1111111111111111,6.253541666666667,2.936977777777778,0.2584753888888889,AVOID
53,Manzambi,2,Aston Villa,MID,6.0,0.9,i,0.0,0.0,0.0,0.0,0.0,0.0,0.0,0.0,0.0,0.0,0.0,0.0,0.0,0.0,0.0,0.0,0.0,Knee injury - Unknown return date,0.5,0.5,1.8,0.5,0.08333333333333333,6.29,2.9437333333333333,0.2569536666666667,AVOID
312,Taylor,12,Ipswich Town,MID,4.5,0.1,i,0.0,0.0,0.0,0.0,0.0,0.0,0.0,0.0,0.0,0.0,0.0,0.0,0.0,0.0,0.0,0.0,0.0,Knee injury - Unknown return date,0.4166666666666667,0.5,1.8,0.5,0.1111111111111111,6.154583333333334,3.018044444444444,0.25179068055555553,AVOID
311,Burns,12,Ipswich Town,MID,5.0,0.0,u,0.0,0.0,0.0,0.0,0.0,0.0,0.0,0.0,0.0,0.0,0.0,0.0,0.0,0.0,0.0,0.0,0.0,Has joined Leicester City permanently,0.4166666666666667,0.5,1.8,0.5,0.1,6.154583333333334,3.0096,0.24945375,AVOID
310,Matusiwa,12,Ipswich Town,MID,5.0,0.0,i,0.0,0.0,0.0,0.0,0.0,0.0,0.0,0.0,0.0,0.0,0.0,0.0,0.0,0.0,0.0,0.0,0.0,Muscular injury - Unknown return date,0.4166666666666667,0.5,1.8,0.5,0.1,6.154583333333334,3.0096,0.24945375,AVOID
319,Szmodics,12,Ipswich Town,MID,5.0,0.1,u,0.0,0.0,0.0,0.0,0.0,0.0,0.0,0.0,0.0,0.0,0.0,0.0,0.0,0.0,0.0,0.0,0.0,Has joined Derby County on loan for the rest of the season,0.4166666666666667,0.5,1.8,0.5,0.1,6.154583333333334,3.0045333333333333,0.24929070833333336,AVOID
65,J.Araujo,3,Bournemouth,DEF,4.5,0.0,i,0.0,0.0,0.0,0.0,0.0,0.0,0.0,0.0,0.0,0.0,0.0,0.0,0.0,0.0,0.0,0.0,0.0,Thigh injury - Unknown return date,0.3333333333333333,0.3333333333333333,1.8,0.5,0.1111111111111111,5.873333333333333,3.023111111111111,0.2255409722222222,AVOID
197,Bassette,7,Coventry City,FWD,4.5,0.2,u,0.0,0.0,0.0,0.0,0.0,0.0,0.0,0.0,0.0,0.0,0.0,0.0,0.0,0.0,0.0,0.0,0.0,Has joined KVC Westerlo on loan for the rest of the season,0.25,0.4583333333333333,1.8,0.5,0.1111111111111111,5.847291666666666,3.012977777777778,0.22276926388888885,AVOID
196,Markelo,7,Coventry City,FWD,5.0,0.1,u,0.0,0.0,0.0,0.0,0.0,0.0,0.0,0.0,0.0,0.0,0.0,0.0,0.0,0.0,0.0,0.0,0.0,Has joined Shabab Al-Ahli Dubai permanently,0.25,0.4583333333333333,1.8,0.5,0.1,5.847291666666666,3.0045333333333333,0.2204323333333333,AVOID
193,Wright,7,Coventry City,FWD,5.5,0.8,i,0.0,0.0,0.0,0.0,0.0,0.0,0.0,0.0,0.0,0.0,0.0,0.0,0.0,0.0,0.0,0.0,0.0,Thigh injury - Unknown return date,0.25,0.4583333333333333,1.8,0.5,0.09090909090909091,5.847291666666666,2.9580121212121213,0.21724560984848484,AVOID
